protein,index,amino acid,score,default indicator,default threshold,custom threshold,custom indicator
PositiveID_139684,2,A,0.0397662371397018,0,0.1,0.05,0
PositiveID_139684,3,C,0.0309724304825067,0,0.1,0.05,0
PositiveID_139684,4,A,0.0505981147289276,0,0.1,0.05,1
PositiveID_139684,5,T,0.0627762302756309,0,0.1,0.05,1
PositiveID_139684,6,L,0.0629472509026527,0,0.1,0.05,1
PositiveID_139684,7,K,0.0785869285464286,0,0.1,0.05,1
PositiveID_139684,8,R,0.0703452602028846,0,0.1,0.05,1
PositiveID_139684,9,S,0.0775770395994186,0,0.1,0.05,1
PositiveID_139684,10,L,0.082910269498825,0,0.1,0.05,1
PositiveID_139684,11,D,0.0854104459285736,0,0.1,0.05,1
PositiveID_139684,12,W,0.0848203003406524,0,0.1,0.05,1
PositiveID_139684,13,E,0.0896285101771354,0,0.1,0.05,1
PositiveID_139684,14,S,0.0931055471301078,0,0.1,0.05,1
PositiveID_139684,15,L,0.097346544265747,0,0.1,0.05,1
PositiveID_139684,16,N,0.1012537628412246,1,0.1,0.05,1
PositiveID_139684,17,Q,0.1050390899181366,1,0.1,0.05,1
PositiveID_139684,18,R,0.1082325279712677,1,0.1,0.05,1
PositiveID_139684,19,P,0.1077160611748695,1,0.1,0.05,1
PositiveID_139684,20,T,0.1092210561037063,1,0.1,0.05,1
PositiveID_139684,21,K,0.0969391539692878,0,0.1,0.05,1
PositiveID_139684,22,R,0.0954130291938781,0,0.1,0.05,1
PositiveID_139684,23,R,0.0909711122512817,0,0.1,0.05,1
PositiveID_139684,24,R,0.0878524184226989,0,0.1,0.05,1
PositiveID_139684,25,C,0.0742722600698471,0,0.1,0.05,1
PositiveID_139684,26,H,0.0789704248309135,0,0.1,0.05,1
PositiveID_139684,27,P,0.0842577591538429,0,0.1,0.05,1
PositiveID_139684,28,F,0.0809877887368202,0,0.1,0.05,1
PositiveID_139684,29,G,0.0773950442671775,0,0.1,0.05,1
PositiveID_139684,30,S,0.0624212138354778,0,0.1,0.05,1
PositiveID_139684,31,P,0.0633967593312263,0,0.1,0.05,1
PositiveID_139684,32,S,0.0558500401675701,0,0.1,0.05,1
PositiveID_139684,33,S,0.0528714917600154,0,0.1,0.05,1
PositiveID_139684,34,N,0.0486686788499355,0,0.1,0.05,0
PositiveID_139684,35,A,0.0497154183685779,0,0.1,0.05,0
PositiveID_139684,36,P,0.0520197376608848,0,0.1,0.05,1
PositiveID_139684,37,N,0.0474015586078166,0,0.1,0.05,0
PositiveID_139684,38,S,0.042796216905117,0,0.1,0.05,0
PositiveID_139684,39,P,0.0421920381486415,0,0.1,0.05,0
PositiveID_139684,40,S,0.0352627746760845,0,0.1,0.05,0
PositiveID_139684,41,S,0.0314461886882782,0,0.1,0.05,0
PositiveID_139684,42,S,0.0292665306478738,0,0.1,0.05,0
PositiveID_139684,43,A,0.0335778668522834,0,0.1,0.05,0
PositiveID_139684,44,I,0.0326097086071968,0,0.1,0.05,0
PositiveID_139684,45,A,0.0368036217987537,0,0.1,0.05,0
PositiveID_139684,46,A,0.0349325239658355,0,0.1,0.05,0
PositiveID_139684,47,A,0.0343845561146736,0,0.1,0.05,0
PositiveID_139684,48,A,0.0330378450453281,0,0.1,0.05,0
PositiveID_139684,49,A,0.0323716923594474,0,0.1,0.05,0
PositiveID_139684,50,A,0.0310775898396968,0,0.1,0.05,0
PositiveID_139684,51,A,0.0300619751214981,0,0.1,0.05,0
PositiveID_139684,52,S,0.0305103808641433,0,0.1,0.05,0
PositiveID_139684,53,S,0.029154447838664,0,0.1,0.05,0
PositiveID_139684,54,S,0.0289184805005788,0,0.1,0.05,0
PositiveID_139684,55,N,0.0304293483495712,0,0.1,0.05,0
PositiveID_139684,56,S,0.0335806049406528,0,0.1,0.05,0
PositiveID_139684,57,A,0.0387079827487468,0,0.1,0.05,0
PositiveID_139684,58,M,0.0402034558355808,0,0.1,0.05,0
PositiveID_139684,59,R,0.0439129658043384,0,0.1,0.05,0
PositiveID_139684,60,V,0.0400125086307525,0,0.1,0.05,0
PositiveID_139684,61,M,0.0385045520961284,0,0.1,0.05,0
PositiveID_139684,62,E,0.0403343439102172,0,0.1,0.05,0
PositiveID_139684,63,P,0.039223812520504,0,0.1,0.05,0
PositiveID_139684,64,K,0.0411655753850936,0,0.1,0.05,0
PositiveID_139684,65,P,0.04347375780344,0,0.1,0.05,0
PositiveID_139684,66,S,0.0422925651073455,0,0.1,0.05,0
PositiveID_139684,67,P,0.0427630431950092,0,0.1,0.05,0
PositiveID_139684,68,F,0.0470943301916122,0,0.1,0.05,0
PositiveID_139684,69,A,0.0486714914441108,0,0.1,0.05,0
PositiveID_139684,70,E,0.0514237694442272,0,0.1,0.05,1
PositiveID_139684,71,A,0.0554193221032619,0,0.1,0.05,1
PositiveID_139684,72,V,0.0536905750632286,0,0.1,0.05,1
PositiveID_139684,73,C,0.0584939047694206,0,0.1,0.05,1
PositiveID_139684,74,P,0.0570588409900665,0,0.1,0.05,1
PositiveID_139684,75,K,0.0558738410472869,0,0.1,0.05,1
PositiveID_139684,76,L,0.0572129637002944,0,0.1,0.05,1
PositiveID_139684,77,T,0.0631913989782333,0,0.1,0.05,1
PositiveID_139684,78,P,0.0627553462982177,0,0.1,0.05,1
PositiveID_139684,79,E,0.0597977340221405,0,0.1,0.05,1
PositiveID_139684,80,K,0.0635589286684989,0,0.1,0.05,1
PositiveID_139684,81,M,0.0613093115389347,0,0.1,0.05,1
PositiveID_139684,82,A,0.0659180283546447,0,0.1,0.05,1
PositiveID_139684,83,Q,0.0637501180171966,0,0.1,0.05,1
PositiveID_139684,84,N,0.0597684271633625,0,0.1,0.05,1
PositiveID_139684,85,I,0.058593064546585,0,0.1,0.05,1
PositiveID_139684,86,T,0.0579180717468261,0,0.1,0.05,1
PositiveID_139684,87,E,0.0600234344601631,0,0.1,0.05,1
PositiveID_139684,88,E,0.0593412481248378,0,0.1,0.05,1
PositiveID_139684,89,I,0.061127170920372,0,0.1,0.05,1
PositiveID_139684,90,K,0.0640542656183242,0,0.1,0.05,1
PositiveID_139684,91,R,0.0649181604385376,0,0.1,0.05,1
PositiveID_139684,92,L,0.062776930630207,0,0.1,0.05,1
PositiveID_139684,93,H,0.0686394199728965,0,0.1,0.05,1
PositiveID_139684,94,R,0.0691229924559593,0,0.1,0.05,1
PositiveID_139684,95,R,0.0648086592555046,0,0.1,0.05,1
PositiveID_139684,96,K,0.0619622357189655,0,0.1,0.05,1
PositiveID_139684,97,Q,0.0627714246511459,0,0.1,0.05,1
PositiveID_139684,98,L,0.0608059354126453,0,0.1,0.05,1
PositiveID_139684,99,T,0.0607280954718589,0,0.1,0.05,1
PositiveID_139684,100,F,0.0598097145557403,0,0.1,0.05,1
PositiveID_139684,101,N,0.055768109858036,0,0.1,0.05,1
PositiveID_139684,102,T,0.0538306459784507,0,0.1,0.05,1
PositiveID_139684,103,G,0.0531282909214496,0,0.1,0.05,1
PositiveID_139684,104,S,0.052124299108982,0,0.1,0.05,1
PositiveID_139684,105,M,0.0552634336054325,0,0.1,0.05,1
PositiveID_139684,106,E,0.0593712739646434,0,0.1,0.05,1
PositiveID_139684,107,R,0.0587662272155284,0,0.1,0.05,1
PositiveID_139684,108,M,0.0578504651784896,0,0.1,0.05,1
PositiveID_139684,109,Q,0.0600581429898738,0,0.1,0.05,1
PositiveID_139684,110,D,0.0673460885882377,0,0.1,0.05,1
PositiveID_139684,111,S,0.063637726008892,0,0.1,0.05,1
PositiveID_139684,112,E,0.062710978090763,0,0.1,0.05,1
PositiveID_139684,113,S,0.0607512332499027,0,0.1,0.05,1
PositiveID_139684,114,S,0.0619004927575588,0,0.1,0.05,1
PositiveID_139684,115,G,0.0620809756219387,0,0.1,0.05,1
PositiveID_139684,116,S,0.0641822963953018,0,0.1,0.05,1
PositiveID_139684,117,E,0.0633375346660614,0,0.1,0.05,1
PositiveID_139684,118,M,0.0700529962778091,0,0.1,0.05,1
PositiveID_139684,119,G,0.0720466971397399,0,0.1,0.05,1
PositiveID_139684,120,P,0.0742646232247352,0,0.1,0.05,1
PositiveID_139684,121,D,0.0801651030778884,0,0.1,0.05,1
PositiveID_139684,122,S,0.0821797922253608,0,0.1,0.05,1
PositiveID_139684,123,P,0.0824339017271995,0,0.1,0.05,1
PositiveID_139684,124,R,0.0943226739764213,0,0.1,0.05,1
PositiveID_139684,125,R,0.0847936123609542,0,0.1,0.05,1
PositiveID_139684,126,P,0.0839377418160438,0,0.1,0.05,1
PositiveID_139684,127,D,0.0861884430050849,0,0.1,0.05,1
PositiveID_139684,128,S,0.0973106995224952,0,0.1,0.05,1
PositiveID_139684,129,P,0.096883051097393,0,0.1,0.05,1
PositiveID_139684,130,P,0.0913769379258155,0,0.1,0.05,1
PositiveID_139684,131,S,0.091911993920803,0,0.1,0.05,1
PositiveID_139684,132,M,0.0983129367232322,0,0.1,0.05,1
PositiveID_139684,133,V,0.0919748246669769,0,0.1,0.05,1
PositiveID_139684,134,K,0.1016497388482093,1,0.1,0.05,1
PositiveID_139684,135,H,0.0991755425930023,0,0.1,0.05,1
PositiveID_139684,136,P,0.1005368381738662,1,0.1,0.05,1
PositiveID_139684,137,E,0.112868532538414,1,0.1,0.05,1
PositiveID_139684,138,K,0.1130418628454208,1,0.1,0.05,1
PositiveID_139684,139,A,0.1125780940055847,1,0.1,0.05,1
PositiveID_139684,140,L,0.1242995411157608,1,0.1,0.05,1
PositiveID_139684,141,F,0.1342626065015792,1,0.1,0.05,1
PositiveID_139684,142,T,0.1333954632282257,1,0.1,0.05,1
PositiveID_139684,143,F,0.130645290017128,1,0.1,0.05,1
PositiveID_139684,144,K,0.1182022541761398,1,0.1,0.05,1
PositiveID_139684,145,Q,0.1169079020619392,1,0.1,0.05,1
PositiveID_139684,146,V,0.1109250783920288,1,0.1,0.05,1
PositiveID_139684,147,Q,0.1240523606538772,1,0.1,0.05,1
PositiveID_139684,148,M,0.1298907697200775,1,0.1,0.05,1
PositiveID_139684,149,I,0.1440910249948501,1,0.1,0.05,1
PositiveID_139684,150,C,0.1382285207509994,1,0.1,0.05,1
PositiveID_139684,151,E,0.15398770570755,1,0.1,0.05,1
PositiveID_139684,152,R,0.1459048986434936,1,0.1,0.05,1
PositiveID_139684,153,M,0.1395487934350967,1,0.1,0.05,1
PositiveID_139684,154,L,0.1523175537586212,1,0.1,0.05,1
PositiveID_139684,155,K,0.1737650334835052,1,0.1,0.05,1
PositiveID_139684,156,E,0.1917817592620849,1,0.1,0.05,1
PositiveID_139684,157,R,0.1922366470098495,1,0.1,0.05,1
PositiveID_139684,158,E,0.1802835166454315,1,0.1,0.05,1
PositiveID_139684,159,D,0.1914904415607452,1,0.1,0.05,1
PositiveID_139684,160,A,0.1982413977384567,1,0.1,0.05,1
PositiveID_139684,161,L,0.1810296773910522,1,0.1,0.05,1
PositiveID_139684,162,R,0.1698422729969024,1,0.1,0.05,1
PositiveID_139684,163,E,0.1477920264005661,1,0.1,0.05,1
PositiveID_139684,164,Q,0.1374120116233825,1,0.1,0.05,1
PositiveID_139684,165,Y,0.1349847763776779,1,0.1,0.05,1
PositiveID_139684,166,D,0.1239982992410659,1,0.1,0.05,1
PositiveID_139684,167,A,0.1195945814251899,1,0.1,0.05,1
PositiveID_139684,168,V,0.108354166150093,1,0.1,0.05,1
PositiveID_139684,169,L,0.1006345003843307,1,0.1,0.05,1
PositiveID_139684,170,T,0.0983437150716781,0,0.1,0.05,1
PositiveID_139684,171,N,0.0920119658112526,0,0.1,0.05,1
PositiveID_139684,172,K,0.0946767032146453,0,0.1,0.05,1
PositiveID_139684,173,L,0.0964384824037551,0,0.1,0.05,1
PositiveID_139684,174,A,0.0894479975104332,0,0.1,0.05,1
PositiveID_139684,175,E,0.0879123732447624,0,0.1,0.05,1
PositiveID_139684,176,Q,0.0838498845696449,0,0.1,0.05,1
PositiveID_139684,177,Y,0.0910297706723213,0,0.1,0.05,1
PositiveID_139684,178,D,0.0906123146414756,0,0.1,0.05,1
PositiveID_139684,179,A,0.0940363183617591,0,0.1,0.05,1
PositiveID_139684,180,F,0.0932712778449058,0,0.1,0.05,1
PositiveID_139684,181,V,0.0842470228672027,0,0.1,0.05,1
PositiveID_139684,182,K,0.0821327343583107,0,0.1,0.05,1
PositiveID_139684,183,F,0.0825960636138916,0,0.1,0.05,1
PositiveID_139684,184,T,0.0754515752196312,0,0.1,0.05,1
PositiveID_139684,185,Y,0.0740832239389419,0,0.1,0.05,1
PositiveID_139684,186,D,0.0745187848806381,0,0.1,0.05,1
PositiveID_139684,187,Q,0.0690944194793701,0,0.1,0.05,1
PositiveID_139684,188,I,0.0711194276809692,0,0.1,0.05,1
PositiveID_139684,189,Q,0.0845760554075241,0,0.1,0.05,1
PositiveID_139684,190,R,0.0894123092293739,0,0.1,0.05,1
PositiveID_139684,191,R,0.0810056328773498,0,0.1,0.05,1
PositiveID_139684,192,Y,0.0792498886585235,0,0.1,0.05,1
PositiveID_139684,193,E,0.066304363310337,0,0.1,0.05,1
PositiveID_139684,194,A,0.0659726932644844,0,0.1,0.05,1
PositiveID_139684,195,A,0.0639893189072609,0,0.1,0.05,1
PositiveID_139684,196,P,0.0634740665555,0,0.1,0.05,1
PositiveID_139684,197,S,0.0445601344108581,0,0.1,0.05,0
PositiveID_139684,198,Y,0.0455355159938335,0,0.1,0.05,0
PositiveID_139684,199,L,0.0454308167099952,0,0.1,0.05,0
PositiveID_139684,200,S,0.0373352840542793,0,0.1,0.05,0
PositiveID_187636,1,M,0.0012748423032462,0,0.1,0.05,0
PositiveID_187636,2,D,0.0008545161108486,0,0.1,0.05,0
PositiveID_187636,3,R,0.0005272328853607,0,0.1,0.05,0
PositiveID_187636,4,E,0.0004531984741333,0,0.1,0.05,0
PositiveID_187636,5,M,0.0003109642711933,0,0.1,0.05,0
PositiveID_187636,6,A,0.0002983405138365,0,0.1,0.05,0
PositiveID_187636,7,A,0.0002875177888199,0,0.1,0.05,0
PositiveID_187636,8,S,0.0002924027794506,0,0.1,0.05,0
PositiveID_187636,9,C,0.0002803122624754,0,0.1,0.05,0
PositiveID_187636,10,G,0.0003464989422354,0,0.1,0.05,0
PositiveID_187636,11,G,0.0004481357173062,0,0.1,0.05,0
PositiveID_187636,12,A,0.0005754409357905,0,0.1,0.05,0
PositiveID_187636,13,V,0.0007545186090283,0,0.1,0.05,0
PositiveID_187636,14,F,0.0007758943829685,0,0.1,0.05,0
PositiveID_187636,15,V,0.0012931764358654,0,0.1,0.05,0
PositiveID_187636,16,G,0.0019188264850527,0,0.1,0.05,0
PositiveID_187636,17,L,0.0030153782572597,0,0.1,0.05,0
PositiveID_187636,18,M,0.0045785102993249,0,0.1,0.05,0
PositiveID_187636,19,L,0.0047894907183945,0,0.1,0.05,0
PositiveID_187636,20,L,0.006421479396522,0,0.1,0.05,0
PositiveID_187636,21,T,0.0095718996599316,0,0.1,0.05,0
PositiveID_187636,22,L,0.0195165239274501,0,0.1,0.05,0
PositiveID_187636,23,S,0.0237626787275075,0,0.1,0.05,0
PositiveID_187636,24,P,0.032053779810667,0,0.1,0.05,0
PositiveID_187636,25,H,0.0247892532497644,0,0.1,0.05,0
PositiveID_187636,26,Y,0.0380398035049438,0,0.1,0.05,0
PositiveID_187636,27,K,0.0325820483267307,0,0.1,0.05,0
PositiveID_187636,28,V,0.0314096622169017,0,0.1,0.05,0
PositiveID_187636,29,F,0.0265480801463127,0,0.1,0.05,0
PositiveID_187636,30,L,0.0196190737187862,0,0.1,0.05,0
PositiveID_187636,31,A,0.0158210266381502,0,0.1,0.05,0
PositiveID_187636,32,R,0.0141563126817345,0,0.1,0.05,0
PositiveID_187636,33,L,0.0096773616969585,0,0.1,0.05,0
PositiveID_187636,34,I,0.0066619729623198,0,0.1,0.05,0
PositiveID_187636,35,W,0.0041209519840776,0,0.1,0.05,0
PositiveID_187636,36,W,0.0036601612810045,0,0.1,0.05,0
PositiveID_187636,37,L,0.0022771605290472,0,0.1,0.05,0
PositiveID_187636,38,Q,0.0021425874438136,0,0.1,0.05,0
PositiveID_187636,39,Y,0.0024261937942355,0,0.1,0.05,0
PositiveID_187636,40,F,0.0015071766683831,0,0.1,0.05,0
PositiveID_187636,41,I,0.0013902757782489,0,0.1,0.05,0
PositiveID_187636,42,T,0.0015861539868637,0,0.1,0.05,0
PositiveID_187636,43,R,0.0018317393260076,0,0.1,0.05,0
PositiveID_187636,44,A,0.0018665377283468,0,0.1,0.05,0
PositiveID_187636,45,E,0.002969357650727,0,0.1,0.05,0
PositiveID_187636,46,A,0.0037620759103447,0,0.1,0.05,0
PositiveID_187636,47,H,0.0045242700725793,0,0.1,0.05,0
PositiveID_187636,48,L,0.0047394046559929,0,0.1,0.05,0
PositiveID_187636,49,H,0.0055663022212684,0,0.1,0.05,0
PositiveID_187636,50,V,0.0077377934940159,0,0.1,0.05,0
PositiveID_187636,51,W,0.0080450782552361,0,0.1,0.05,0
PositiveID_187636,52,I,0.0074853375554084,0,0.1,0.05,0
PositiveID_187636,53,P,0.0070174252614378,0,0.1,0.05,0
PositiveID_187636,54,P,0.0069770407862961,0,0.1,0.05,0
PositiveID_187636,55,L,0.0053331893868744,0,0.1,0.05,0
PositiveID_187636,56,N,0.0056841117329895,0,0.1,0.05,0
PositiveID_187636,57,V,0.0060301548801362,0,0.1,0.05,0
PositiveID_187636,58,R,0.0068110493011772,0,0.1,0.05,0
PositiveID_187636,59,G,0.0056573515757918,0,0.1,0.05,0
PositiveID_187636,60,G,0.0057294014841318,0,0.1,0.05,0
PositiveID_187636,61,R,0.0057888105511665,0,0.1,0.05,0
PositiveID_187636,62,D,0.0043731732293963,0,0.1,0.05,0
PositiveID_187636,63,A,0.0049395998939871,0,0.1,0.05,0
PositiveID_187636,64,I,0.0057403640821576,0,0.1,0.05,0
PositiveID_187636,65,I,0.0038057612255215,0,0.1,0.05,0
PositiveID_187636,66,L,0.0027146162465214,0,0.1,0.05,0
PositiveID_187636,67,L,0.0020264247432351,0,0.1,0.05,0
PositiveID_187636,68,T,0.0015153591521084,0,0.1,0.05,0
PositiveID_187636,69,C,0.0013618901139125,0,0.1,0.05,0
PositiveID_187636,70,A,0.0011307665845379,0,0.1,0.05,0
PositiveID_187636,71,V,0.0008752141147851,0,0.1,0.05,0
PositiveID_187636,72,H,0.0008651945390738,0,0.1,0.05,0
PositiveID_187636,73,P,0.0007532014278694,0,0.1,0.05,0
PositiveID_187636,74,E,0.000834145466797,0,0.1,0.05,0
PositiveID_187636,75,L,0.0004718335112556,0,0.1,0.05,0
PositiveID_187636,76,I,0.0004932747688144,0,0.1,0.05,0
PositiveID_187636,77,F,0.0004562432586681,0,0.1,0.05,0
PositiveID_187636,78,D,0.0004535156476777,0,0.1,0.05,0
PositiveID_187636,79,I,0.0005243968917056,0,0.1,0.05,0
PositiveID_187636,80,T,0.0005954419611953,0,0.1,0.05,0
PositiveID_187636,81,K,0.0006038115243427,0,0.1,0.05,0
PositiveID_187636,82,L,0.0004983220715075,0,0.1,0.05,0
PositiveID_187636,83,L,0.0005558700067922,0,0.1,0.05,0
PositiveID_187636,84,L,0.0006683191168121,0,0.1,0.05,0
PositiveID_187636,85,A,0.0007983334944583,0,0.1,0.05,0
PositiveID_187636,86,I,0.0009690140141174,0,0.1,0.05,0
PositiveID_187636,87,F,0.0010364993941038,0,0.1,0.05,0
PositiveID_187636,88,G,0.0012462574522942,0,0.1,0.05,0
PositiveID_187636,89,P,0.0014085994334891,0,0.1,0.05,0
PositiveID_187636,90,L,0.0015269869472831,0,0.1,0.05,0
PositiveID_187636,91,M,0.0016095128376036,0,0.1,0.05,0
PositiveID_187636,92,V,0.0017600775463506,0,0.1,0.05,0
PositiveID_187636,93,L,0.0016631118487566,0,0.1,0.05,0
PositiveID_187636,94,Q,0.0023846034891903,0,0.1,0.05,0
PositiveID_187636,95,A,0.0056812395341694,0,0.1,0.05,0
PositiveID_187636,96,G,0.0069005005061626,0,0.1,0.05,0
PositiveID_187636,97,I,0.0109214205294847,0,0.1,0.05,0
PositiveID_187636,98,V,0.013717396184802,0,0.1,0.05,0
PositiveID_187636,99,R,0.013364790007472,0,0.1,0.05,0
PositiveID_187636,100,M,0.0156689286231994,0,0.1,0.05,0
PositiveID_187636,101,P,0.0153333004564046,0,0.1,0.05,0
PositiveID_187636,102,Y,0.0168538801372051,0,0.1,0.05,0
PositiveID_187636,103,F,0.0169438868761062,0,0.1,0.05,0
PositiveID_187636,104,V,0.0153921796008944,0,0.1,0.05,0
PositiveID_187636,105,R,0.0167582277208566,0,0.1,0.05,0
PositiveID_187636,106,A,0.0170478411018848,0,0.1,0.05,0
PositiveID_187636,107,Q,0.0161343179643154,0,0.1,0.05,0
PositiveID_187636,108,G,0.0159316547214984,0,0.1,0.05,0
PositiveID_187636,109,L,0.0163580793887376,0,0.1,0.05,0
PositiveID_187636,110,I,0.0154362600296735,0,0.1,0.05,0
PositiveID_187636,111,R,0.0144400671124458,0,0.1,0.05,0
PositiveID_187636,112,A,0.0148295033723115,0,0.1,0.05,0
PositiveID_187636,113,C,0.0167369879782199,0,0.1,0.05,0
PositiveID_187636,114,M,0.0186043158173561,0,0.1,0.05,0
PositiveID_187636,115,L,0.0201827958226203,0,0.1,0.05,0
PositiveID_187636,116,V,0.0202718004584312,0,0.1,0.05,0
PositiveID_187636,117,R,0.0236891750246286,0,0.1,0.05,0
PositiveID_187636,118,K,0.0224335491657257,0,0.1,0.05,0
PositiveID_187636,119,V,0.0219595842063426,0,0.1,0.05,0
PositiveID_187636,120,A,0.022357078269124,0,0.1,0.05,0
PositiveID_187636,121,G,0.0261707361787557,0,0.1,0.05,0
PositiveID_187636,122,G,0.0262869857251644,0,0.1,0.05,0
PositiveID_187636,123,H,0.0262710694223642,0,0.1,0.05,0
PositiveID_187636,124,Y,0.0272019449621438,0,0.1,0.05,0
PositiveID_187636,125,I,0.022626869380474,0,0.1,0.05,0
PositiveID_187636,126,Q,0.0178134217858314,0,0.1,0.05,0
PositiveID_187636,127,M,0.0143176699057221,0,0.1,0.05,0
PositiveID_187636,128,A,0.0133245270699262,0,0.1,0.05,0
PositiveID_187636,129,L,0.0121983839198946,0,0.1,0.05,0
PositiveID_187636,130,M,0.0095385815948247,0,0.1,0.05,0
PositiveID_187636,131,K,0.0107670668512582,0,0.1,0.05,0
PositiveID_187636,132,L,0.0097993034869432,0,0.1,0.05,0
PositiveID_187636,133,A,0.0084945512935519,0,0.1,0.05,0
PositiveID_187636,134,T,0.008286134339869,0,0.1,0.05,0
PositiveID_187636,135,L,0.0079996977001428,0,0.1,0.05,0
PositiveID_187636,136,T,0.0073473742231726,0,0.1,0.05,0
PositiveID_187636,137,G,0.0076909330673515,0,0.1,0.05,0
PositiveID_187636,138,T,0.0077067501842975,0,0.1,0.05,0
PositiveID_187636,139,Y,0.0084790829569101,0,0.1,0.05,0
PositiveID_187636,140,V,0.0081347869709134,0,0.1,0.05,0
PositiveID_187636,141,Y,0.0087306518107652,0,0.1,0.05,0
PositiveID_187636,142,D,0.0086064739152789,0,0.1,0.05,0
PositiveID_187636,143,H,0.0091158933937549,0,0.1,0.05,0
PositiveID_187636,144,L,0.0090380925685167,0,0.1,0.05,0
PositiveID_187636,145,T,0.0095714023336768,0,0.1,0.05,0
PositiveID_187636,146,P,0.0092226630076766,0,0.1,0.05,0
PositiveID_187636,147,L,0.0088943522423505,0,0.1,0.05,0
PositiveID_187636,148,R,0.0090005658566951,0,0.1,0.05,0
PositiveID_187636,149,D,0.0084279514849185,0,0.1,0.05,0
PositiveID_187636,150,W,0.0071404492482542,0,0.1,0.05,0
PositiveID_187636,151,A,0.006252821534872,0,0.1,0.05,0
PositiveID_187636,152,H,0.0054424568079411,0,0.1,0.05,0
PositiveID_187636,153,A,0.0036646854132413,0,0.1,0.05,0
PositiveID_187636,154,G,0.0037368682678788,0,0.1,0.05,0
PositiveID_187636,155,L,0.003417421830818,0,0.1,0.05,0
PositiveID_187636,156,R,0.0032830219715833,0,0.1,0.05,0
PositiveID_187636,157,D,0.0032975617796182,0,0.1,0.05,0
PositiveID_187636,158,L,0.0022831801325082,0,0.1,0.05,0
PositiveID_187636,159,A,0.001991355093196,0,0.1,0.05,0
PositiveID_187636,160,V,0.0021374637726694,0,0.1,0.05,0
PositiveID_187636,161,A,0.0019985483959317,0,0.1,0.05,0
PositiveID_187636,162,V,0.002474415116012,0,0.1,0.05,0
PositiveID_187636,163,E,0.002726023318246,0,0.1,0.05,0
PositiveID_187636,164,P,0.0038406406529247,0,0.1,0.05,0
PositiveID_187636,165,V,0.0031629691366106,0,0.1,0.05,0
PositiveID_187636,166,I,0.0032336157746613,0,0.1,0.05,0
PositiveID_187636,167,F,0.0025819882284849,0,0.1,0.05,0
PositiveID_187636,168,S,0.0031520309858024,0,0.1,0.05,0
PositiveID_187636,169,D,0.0035298697184771,0,0.1,0.05,0
PositiveID_187636,170,M,0.0028154093306511,0,0.1,0.05,0
PositiveID_187636,171,E,0.0032675378024578,0,0.1,0.05,0
PositiveID_187636,172,I,0.003845470957458,0,0.1,0.05,0
PositiveID_187636,173,K,0.0037804602179676,0,0.1,0.05,0
PositiveID_187636,174,I,0.0036874411161988,0,0.1,0.05,0
PositiveID_187636,175,I,0.0023500344250351,0,0.1,0.05,0
PositiveID_187636,176,T,0.0020667493809014,0,0.1,0.05,0
PositiveID_187636,177,W,0.0019487239187583,0,0.1,0.05,0
PositiveID_187636,178,G,0.0018163707572966,0,0.1,0.05,0
PositiveID_187636,179,A,0.0016652904450893,0,0.1,0.05,0
PositiveID_187636,180,D,0.0016261518467217,0,0.1,0.05,0
PositiveID_187636,181,T,0.0020022981334477,0,0.1,0.05,0
PositiveID_187636,182,A,0.0025784000754356,0,0.1,0.05,0
PositiveID_187636,183,A,0.0024031181819736,0,0.1,0.05,0
PositiveID_187636,184,C,0.0024227225221693,0,0.1,0.05,0
PositiveID_187636,185,G,0.0036082598380744,0,0.1,0.05,0
PositiveID_187636,186,D,0.0049940887838602,0,0.1,0.05,0
PositiveID_187636,187,I,0.004896234255284,0,0.1,0.05,0
PositiveID_187636,188,I,0.004578529857099,0,0.1,0.05,0
PositiveID_187636,189,L,0.005081282928586,0,0.1,0.05,0
PositiveID_187636,190,G,0.006840705871582,0,0.1,0.05,0
PositiveID_187636,191,L,0.0072217197157442,0,0.1,0.05,0
PositiveID_187636,192,P,0.009906361810863,0,0.1,0.05,0
PositiveID_187636,193,V,0.0082650836557149,0,0.1,0.05,0
PositiveID_187636,194,S,0.0141284689307212,0,0.1,0.05,0
PositiveID_187636,195,A,0.017014330253005,0,0.1,0.05,0
PositiveID_187636,196,R,0.0204951576888561,0,0.1,0.05,0
PositiveID_187636,197,R,0.0217382553964853,0,0.1,0.05,0
PositiveID_187636,198,G,0.021052224561572,0,0.1,0.05,0
PositiveID_187636,199,K,0.0222959350794553,0,0.1,0.05,0
PositiveID_187636,200,E,0.0197563041001558,0,0.1,0.05,0
PositiveID_187636,201,I,0.0193129982799291,0,0.1,0.05,0
PositiveID_187636,202,L,0.020767418667674,0,0.1,0.05,0
PositiveID_187636,203,L,0.0215781517326831,0,0.1,0.05,0
PositiveID_187636,204,G,0.0220794565975666,0,0.1,0.05,0
PositiveID_187636,205,P,0.0205774139612913,0,0.1,0.05,0
PositiveID_187636,206,A,0.0208578538149595,0,0.1,0.05,0
PositiveID_187636,207,D,0.0198983661830425,0,0.1,0.05,0
PositiveID_187636,208,S,0.0203327052295207,0,0.1,0.05,0
PositiveID_187636,209,F,0.0214421767741441,0,0.1,0.05,0
PositiveID_187636,210,E,0.0220470074564218,0,0.1,0.05,0
PositiveID_187636,211,G,0.0210037976503372,0,0.1,0.05,0
PositiveID_187636,212,Q,0.0205001756548881,0,0.1,0.05,0
PositiveID_187636,213,G,0.0214392077177763,0,0.1,0.05,0
PositiveID_187636,214,W,0.0219377782195806,0,0.1,0.05,0
PositiveID_187636,215,R,0.0219161100685596,0,0.1,0.05,0
PositiveID_187636,216,L,0.0203716699033975,0,0.1,0.05,0
PositiveID_187636,217,L,0.0190869309008121,0,0.1,0.05,0
PositiveID_187636,218,A,0.0172278117388486,0,0.1,0.05,0
PositiveID_187636,219,P,0.0177667792886495,0,0.1,0.05,0
PositiveID_187636,220,I,0.0169138181954622,0,0.1,0.05,0
PositiveID_187636,221,T,0.0171237420290708,0,0.1,0.05,0
PositiveID_187636,222,A,0.017278503626585,0,0.1,0.05,0
PositiveID_187636,223,Y,0.0168155543506145,0,0.1,0.05,0
PositiveID_187636,224,S,0.016935946419835,0,0.1,0.05,0
PositiveID_187636,225,Q,0.0170376095920801,0,0.1,0.05,0
PositiveID_187636,226,Q,0.0173978563398122,0,0.1,0.05,0
PositiveID_187636,227,T,0.0175337065011262,0,0.1,0.05,0
PositiveID_187636,228,R,0.017733309417963,0,0.1,0.05,0
PositiveID_187636,229,G,0.0170773994177579,0,0.1,0.05,0
PositiveID_187636,230,L,0.0172201506793499,0,0.1,0.05,0
PositiveID_187636,231,L,0.0172143429517745,0,0.1,0.05,0
PositiveID_187636,232,G,0.0171943791210651,0,0.1,0.05,0
PositiveID_187636,233,C,0.0183430332690477,0,0.1,0.05,0
PositiveID_187636,234,I,0.0177609398961067,0,0.1,0.05,0
PositiveID_187636,235,I,0.0163862239569425,0,0.1,0.05,0
PositiveID_187636,236,T,0.016227638348937,0,0.1,0.05,0
PositiveID_187636,237,S,0.0149080166593194,0,0.1,0.05,0
PositiveID_187636,238,L,0.0143424635753035,0,0.1,0.05,0
PositiveID_187636,239,T,0.0143222603946924,0,0.1,0.05,0
PositiveID_187636,240,G,0.018225310370326,0,0.1,0.05,0
PositiveID_187636,241,R,0.0152519224211573,0,0.1,0.05,0
PositiveID_187636,242,D,0.0142965828999876,0,0.1,0.05,0
PositiveID_187636,243,K,0.0143684120848774,0,0.1,0.05,0
PositiveID_187636,244,N,0.0144821675494313,0,0.1,0.05,0
PositiveID_187636,245,Q,0.0141464872285723,0,0.1,0.05,0
PositiveID_187636,246,V,0.0139032751321792,0,0.1,0.05,0
PositiveID_187636,247,E,0.0130825443193316,0,0.1,0.05,0
PositiveID_187636,248,G,0.0137457465752959,0,0.1,0.05,0
PositiveID_187636,249,E,0.0124170230701565,0,0.1,0.05,0
PositiveID_187636,250,V,0.0131689189001917,0,0.1,0.05,0
PositiveID_187636,251,Q,0.012434747070074,0,0.1,0.05,0
PositiveID_187636,252,V,0.0111590987071394,0,0.1,0.05,0
PositiveID_187636,253,V,0.0102718500420451,0,0.1,0.05,0
PositiveID_187636,254,S,0.0082089323550462,0,0.1,0.05,0
PositiveID_187636,255,T,0.0092223668470978,0,0.1,0.05,0
PositiveID_187636,256,A,0.0081797894090414,0,0.1,0.05,0
PositiveID_187636,257,T,0.0081745730713009,0,0.1,0.05,0
PositiveID_187636,258,Q,0.0075907101854681,0,0.1,0.05,0
PositiveID_187636,259,S,0.006235740147531,0,0.1,0.05,0
PositiveID_187636,260,F,0.0051290476694703,0,0.1,0.05,0
PositiveID_187636,261,L,0.0042543751187622,0,0.1,0.05,0
PositiveID_187636,262,A,0.0042073731310665,0,0.1,0.05,0
PositiveID_187636,263,T,0.0043530245311558,0,0.1,0.05,0
PositiveID_187636,264,C,0.0046417117118835,0,0.1,0.05,0
PositiveID_187636,265,V,0.005511661991477,0,0.1,0.05,0
PositiveID_187636,266,N,0.006213208194822,0,0.1,0.05,0
PositiveID_187636,267,G,0.0076901945285499,0,0.1,0.05,0
PositiveID_187636,268,V,0.0080710835754871,0,0.1,0.05,0
PositiveID_187636,269,C,0.008685415610671,0,0.1,0.05,0
PositiveID_187636,270,W,0.0094916876405477,0,0.1,0.05,0
PositiveID_187636,271,T,0.0098535399883985,0,0.1,0.05,0
PositiveID_187636,272,V,0.0104039628058671,0,0.1,0.05,0
PositiveID_187636,273,Y,0.0121790478006005,0,0.1,0.05,0
PositiveID_187636,274,H,0.0113845970481634,0,0.1,0.05,0
PositiveID_187636,275,G,0.0114100901409983,0,0.1,0.05,0
PositiveID_187636,276,A,0.0117516638711094,0,0.1,0.05,0
PositiveID_187636,277,G,0.0119894314557313,0,0.1,0.05,0
PositiveID_187636,278,S,0.0124356504529714,0,0.1,0.05,0
PositiveID_187636,279,K,0.0125568341463804,0,0.1,0.05,0
PositiveID_187636,280,T,0.0126423304900527,0,0.1,0.05,0
PositiveID_187636,281,L,0.0143375964835286,0,0.1,0.05,0
PositiveID_187636,282,A,0.0171621218323707,0,0.1,0.05,0
PositiveID_187636,283,G,0.0174514353275299,0,0.1,0.05,0
PositiveID_187636,284,P,0.0178045146167278,0,0.1,0.05,0
PositiveID_187636,285,K,0.0184669010341167,0,0.1,0.05,0
PositiveID_187636,286,G,0.0178908240050077,0,0.1,0.05,0
PositiveID_187636,287,P,0.0171160623431205,0,0.1,0.05,0
PositiveID_187636,288,I,0.016367757692933,0,0.1,0.05,0
PositiveID_187636,289,T,0.0166656412184238,0,0.1,0.05,0
PositiveID_187636,290,Q,0.0165176466107368,0,0.1,0.05,0
PositiveID_187636,291,M,0.0164429228752851,0,0.1,0.05,0
PositiveID_187636,292,Y,0.0163406413048505,0,0.1,0.05,0
PositiveID_187636,293,T,0.0147049818187952,0,0.1,0.05,0
PositiveID_187636,294,N,0.0151208182796835,0,0.1,0.05,0
PositiveID_187636,295,V,0.0153253385797142,0,0.1,0.05,0
PositiveID_187636,296,D,0.0160771179944276,0,0.1,0.05,0
PositiveID_187636,297,Q,0.0151995802298188,0,0.1,0.05,0
PositiveID_187636,298,D,0.0150684313848614,0,0.1,0.05,0
PositiveID_187636,299,L,0.0133612947538495,0,0.1,0.05,0
PositiveID_187636,300,V,0.0133403223007917,0,0.1,0.05,0
PositiveID_187636,301,G,0.0115906409919261,0,0.1,0.05,0
PositiveID_187636,302,W,0.0110317170619964,0,0.1,0.05,0
PositiveID_187636,303,Q,0.010898008942604,0,0.1,0.05,0
PositiveID_187636,304,A,0.0114306826144456,0,0.1,0.05,0
PositiveID_187636,305,P,0.0111286593601107,0,0.1,0.05,0
PositiveID_187636,306,P,0.0105999335646629,0,0.1,0.05,0
PositiveID_187636,307,G,0.0106110712513327,0,0.1,0.05,0
PositiveID_187636,308,A,0.0115540483966469,0,0.1,0.05,0
PositiveID_187636,309,R,0.0112253641709685,0,0.1,0.05,0
PositiveID_187636,310,S,0.0098754856735467,0,0.1,0.05,0
PositiveID_187636,311,L,0.0104697281494736,0,0.1,0.05,0
PositiveID_187636,312,A,0.0100777447223663,0,0.1,0.05,0
PositiveID_187636,313,S,0.0099192317575216,0,0.1,0.05,0
PositiveID_187636,314,C,0.0098190065473318,0,0.1,0.05,0
PositiveID_187636,315,T,0.0091525902971625,0,0.1,0.05,0
PositiveID_187636,316,C,0.0095078619197011,0,0.1,0.05,0
PositiveID_187636,317,G,0.0094745373353362,0,0.1,0.05,0
PositiveID_187636,318,S,0.0088998731225728,0,0.1,0.05,0
PositiveID_187636,319,S,0.009084771387279,0,0.1,0.05,0
PositiveID_187636,320,D,0.0090547166764736,0,0.1,0.05,0
PositiveID_187636,321,L,0.0091773718595504,0,0.1,0.05,0
PositiveID_187636,322,Y,0.0092785581946372,0,0.1,0.05,0
PositiveID_187636,323,L,0.0089627150446176,0,0.1,0.05,0
PositiveID_187636,324,V,0.0084646278992295,0,0.1,0.05,0
PositiveID_187636,325,T,0.0088017731904983,0,0.1,0.05,0
PositiveID_187636,326,R,0.0091344332322478,0,0.1,0.05,0
PositiveID_187636,327,H,0.0084833223372697,0,0.1,0.05,0
PositiveID_187636,328,A,0.0085576875135302,0,0.1,0.05,0
PositiveID_187636,329,D,0.0079040899872779,0,0.1,0.05,0
PositiveID_187636,330,V,0.0073073422536253,0,0.1,0.05,0
PositiveID_187636,331,I,0.0073056304827332,0,0.1,0.05,0
PositiveID_187636,332,P,0.0082110874354839,0,0.1,0.05,0
PositiveID_187636,333,V,0.0074524809606373,0,0.1,0.05,0
PositiveID_187636,334,R,0.0084289638325572,0,0.1,0.05,0
PositiveID_187636,335,R,0.0083295414224267,0,0.1,0.05,0
PositiveID_187636,336,R,0.0083624776452779,0,0.1,0.05,0
PositiveID_187636,337,G,0.0082212211564183,0,0.1,0.05,0
PositiveID_187636,338,G,0.0083667496219277,0,0.1,0.05,0
PositiveID_187636,339,G,0.0086865480989217,0,0.1,0.05,0
PositiveID_187636,340,K,0.0082490742206573,0,0.1,0.05,0
PositiveID_187636,341,G,0.0087686879560351,0,0.1,0.05,0
PositiveID_187636,342,S,0.0073386467993259,0,0.1,0.05,0
PositiveID_187636,343,L,0.0085635520517826,0,0.1,0.05,0
PositiveID_187636,344,L,0.0078766467049717,0,0.1,0.05,0
PositiveID_187636,345,S,0.0062826666980981,0,0.1,0.05,0
PositiveID_187636,346,P,0.0063052754849195,0,0.1,0.05,0
PositiveID_187636,347,R,0.0064706774428486,0,0.1,0.05,0
PositiveID_187636,348,P,0.0059816283173859,0,0.1,0.05,0
PositiveID_187636,349,V,0.0057598780840635,0,0.1,0.05,0
PositiveID_187636,350,S,0.0056770606897771,0,0.1,0.05,0
PositiveID_187636,351,Y,0.0060509829781949,0,0.1,0.05,0
PositiveID_187636,352,L,0.0059037627652287,0,0.1,0.05,0
PositiveID_187636,353,K,0.0071504828520119,0,0.1,0.05,0
PositiveID_187636,354,G,0.0074781491421163,0,0.1,0.05,0
PositiveID_187636,355,S,0.0063592121005058,0,0.1,0.05,0
PositiveID_187636,356,S,0.0059166862629354,0,0.1,0.05,0
PositiveID_187636,357,G,0.0064983936026692,0,0.1,0.05,0
PositiveID_187636,358,G,0.0071692853234708,0,0.1,0.05,0
PositiveID_187636,359,P,0.0064075631089508,0,0.1,0.05,0
PositiveID_187636,360,L,0.0054287249222397,0,0.1,0.05,0
PositiveID_187636,361,L,0.0055039157159626,0,0.1,0.05,0
PositiveID_187636,362,C,0.0066199852153658,0,0.1,0.05,0
PositiveID_187636,363,P,0.0061345444992184,0,0.1,0.05,0
PositiveID_187636,364,S,0.0059099085628986,0,0.1,0.05,0
PositiveID_187636,365,G,0.006877290084958,0,0.1,0.05,0
PositiveID_187636,366,H,0.0071999202482402,0,0.1,0.05,0
PositiveID_187636,367,A,0.008026179857552,0,0.1,0.05,0
PositiveID_187636,368,V,0.0080218417569994,0,0.1,0.05,0
PositiveID_187636,369,G,0.0088461758568882,0,0.1,0.05,0
PositiveID_187636,370,I,0.0092765502631664,0,0.1,0.05,0
PositiveID_187636,371,F,0.0095074037089943,0,0.1,0.05,0
PositiveID_187636,372,R,0.0088463509455323,0,0.1,0.05,0
PositiveID_187636,373,A,0.0105614913627505,0,0.1,0.05,0
PositiveID_187636,374,A,0.0107675399631261,0,0.1,0.05,0
PositiveID_187636,375,V,0.0105814710259437,0,0.1,0.05,0
PositiveID_187636,376,C,0.0123742995783686,0,0.1,0.05,0
PositiveID_187636,377,T,0.0119202388450503,0,0.1,0.05,0
PositiveID_187636,378,R,0.0130747156217694,0,0.1,0.05,0
PositiveID_187636,379,G,0.0136719439178705,0,0.1,0.05,0
PositiveID_187636,380,V,0.013874283991754,0,0.1,0.05,0
PositiveID_187636,381,A,0.0146080227568745,0,0.1,0.05,0
PositiveID_187636,382,K,0.0150846466422081,0,0.1,0.05,0
PositiveID_187636,383,A,0.015021308325231,0,0.1,0.05,0
PositiveID_187636,384,V,0.0150680346414446,0,0.1,0.05,0
PositiveID_187636,385,D,0.0148290432989597,0,0.1,0.05,0
PositiveID_187636,386,F,0.0153444549068808,0,0.1,0.05,0
PositiveID_187636,387,V,0.0148682370781898,0,0.1,0.05,0
PositiveID_187636,388,L,0.0148170590400695,0,0.1,0.05,0
PositiveID_187636,389,V,0.0140312071889638,0,0.1,0.05,0
PositiveID_187636,390,E,0.0149360317736864,0,0.1,0.05,0
PositiveID_187636,391,S,0.0134796341881155,0,0.1,0.05,0
PositiveID_187636,392,M,0.0140121690928936,0,0.1,0.05,0
PositiveID_187636,393,E,0.0139191886410117,0,0.1,0.05,0
PositiveID_187636,394,T,0.0136716160923242,0,0.1,0.05,0
PositiveID_187636,395,T,0.0142920073121786,0,0.1,0.05,0
PositiveID_187636,396,M,0.0158214718103408,0,0.1,0.05,0
PositiveID_187636,397,R,0.0150214908644557,0,0.1,0.05,0
PositiveID_187636,398,S,0.0141442660242319,0,0.1,0.05,0
PositiveID_187636,399,P,0.0151030970737338,0,0.1,0.05,0
PositiveID_187636,400,V,0.0150297414511442,0,0.1,0.05,0
PositiveID_187636,401,F,0.0153176197782158,0,0.1,0.05,0
PositiveID_187636,402,T,0.0151369459927082,0,0.1,0.05,0
PositiveID_187636,403,D,0.0155949685722589,0,0.1,0.05,0
PositiveID_187636,404,N,0.0158373918384313,0,0.1,0.05,0
PositiveID_187636,405,S,0.0150676956400275,0,0.1,0.05,0
PositiveID_187636,406,S,0.0146513758227229,0,0.1,0.05,0
PositiveID_187636,407,P,0.015047688037157,0,0.1,0.05,0
PositiveID_187636,408,P,0.014630202203989,0,0.1,0.05,0
PositiveID_187636,409,A,0.0147580299526453,0,0.1,0.05,0
PositiveID_187636,410,V,0.0146616287529468,0,0.1,0.05,0
PositiveID_187636,411,P,0.0163966789841651,0,0.1,0.05,0
PositiveID_187636,412,Q,0.0158694721758365,0,0.1,0.05,0
PositiveID_187636,413,T,0.0162795297801494,0,0.1,0.05,0
PositiveID_187636,414,F,0.0167014449834823,0,0.1,0.05,0
PositiveID_187636,415,Q,0.0170745830982923,0,0.1,0.05,0
PositiveID_187636,416,V,0.0158870257437229,0,0.1,0.05,0
PositiveID_187636,417,A,0.0164486244320869,0,0.1,0.05,0
PositiveID_187636,418,H,0.0163881294429302,0,0.1,0.05,0
PositiveID_187636,419,L,0.017448803409934,0,0.1,0.05,0
PositiveID_187636,420,H,0.0182087905704975,0,0.1,0.05,0
PositiveID_187636,421,A,0.0175120998173952,0,0.1,0.05,0
PositiveID_187636,422,P,0.0187440309673547,0,0.1,0.05,0
PositiveID_187636,423,T,0.0200483836233615,0,0.1,0.05,0
PositiveID_187636,424,G,0.0216191504150629,0,0.1,0.05,0
PositiveID_187636,425,S,0.0215206574648618,0,0.1,0.05,0
PositiveID_187636,426,G,0.0237214248627424,0,0.1,0.05,0
PositiveID_187636,427,K,0.025278428569436,0,0.1,0.05,0
PositiveID_187636,428,S,0.0252365414053201,0,0.1,0.05,0
PositiveID_187636,429,T,0.0250533539801836,0,0.1,0.05,0
PositiveID_187636,430,K,0.0259399116039276,0,0.1,0.05,0
PositiveID_187636,431,V,0.0283165276050567,0,0.1,0.05,0
PositiveID_187636,432,P,0.0274740867316722,0,0.1,0.05,0
PositiveID_187636,433,A,0.0291200447827577,0,0.1,0.05,0
PositiveID_187636,434,A,0.0312712229788303,0,0.1,0.05,0
PositiveID_187636,435,Y,0.0314932689070701,0,0.1,0.05,0
PositiveID_187636,436,A,0.0305025447160005,0,0.1,0.05,0
PositiveID_187636,437,A,0.0302798207849264,0,0.1,0.05,0
PositiveID_187636,438,Q,0.0298058334738016,0,0.1,0.05,0
PositiveID_187636,439,G,0.0297576561570167,0,0.1,0.05,0
PositiveID_187636,440,Y,0.0326750092208385,0,0.1,0.05,0
PositiveID_187636,441,K,0.032618373632431,0,0.1,0.05,0
PositiveID_187636,442,V,0.0303479898720979,0,0.1,0.05,0
PositiveID_187636,443,L,0.0326852239668369,0,0.1,0.05,0
PositiveID_187636,444,V,0.0303735267370939,0,0.1,0.05,0
PositiveID_187636,445,L,0.0301284920424222,0,0.1,0.05,0
PositiveID_187636,446,N,0.0290904473513364,0,0.1,0.05,0
PositiveID_187636,447,P,0.0294339433312416,0,0.1,0.05,0
PositiveID_187636,448,T,0.0307356864213943,0,0.1,0.05,0
PositiveID_187636,449,V,0.0314699634909629,0,0.1,0.05,0
PositiveID_187636,450,A,0.031628344208002,0,0.1,0.05,0
PositiveID_187636,451,A,0.029318606480956,0,0.1,0.05,0
PositiveID_187636,452,T,0.0281443335115909,0,0.1,0.05,0
PositiveID_187636,453,L,0.0290701724588871,0,0.1,0.05,0
PositiveID_187636,454,G,0.0285945776849985,0,0.1,0.05,0
PositiveID_187636,455,F,0.0284948609769344,0,0.1,0.05,0
PositiveID_187636,456,G,0.0274945683777332,0,0.1,0.05,0
PositiveID_187636,457,A,0.0276128724217414,0,0.1,0.05,0
PositiveID_187636,458,Y,0.0276562329381704,0,0.1,0.05,0
PositiveID_187636,459,M,0.0278273839503526,0,0.1,0.05,0
PositiveID_187636,460,S,0.02756242826581,0,0.1,0.05,0
PositiveID_187636,461,K,0.0278617031872272,0,0.1,0.05,0
PositiveID_187636,462,A,0.0284169763326644,0,0.1,0.05,0
PositiveID_187636,463,H,0.0292049869894981,0,0.1,0.05,0
PositiveID_187636,464,G,0.029869919642806,0,0.1,0.05,0
PositiveID_187636,465,T,0.0301878824830055,0,0.1,0.05,0
PositiveID_187636,466,D,0.0307141244411468,0,0.1,0.05,0
PositiveID_187636,467,P,0.0303184688091278,0,0.1,0.05,0
PositiveID_187636,468,N,0.0308344960212707,0,0.1,0.05,0
PositiveID_187636,469,I,0.0318995714187622,0,0.1,0.05,0
PositiveID_187636,470,R,0.0316294990479946,0,0.1,0.05,0
PositiveID_187636,471,T,0.0307212583720684,0,0.1,0.05,0
PositiveID_187636,472,G,0.0314710400998592,0,0.1,0.05,0
PositiveID_187636,473,I,0.0310808792710304,0,0.1,0.05,0
PositiveID_187636,474,R,0.0308533608913421,0,0.1,0.05,0
PositiveID_187636,475,T,0.0289239436388015,0,0.1,0.05,0
PositiveID_187636,476,I,0.0291241072118282,0,0.1,0.05,0
PositiveID_187636,477,T,0.0270384307950735,0,0.1,0.05,0
PositiveID_187636,478,T,0.0265007372945547,0,0.1,0.05,0
PositiveID_187636,479,G,0.0260427370667457,0,0.1,0.05,0
PositiveID_187636,480,A,0.0248031988739967,0,0.1,0.05,0
PositiveID_187636,481,P,0.0262939501553773,0,0.1,0.05,0
PositiveID_187636,482,I,0.0256818737834692,0,0.1,0.05,0
PositiveID_187636,483,T,0.0264292862266302,0,0.1,0.05,0
PositiveID_187636,484,Y,0.0269422829151153,0,0.1,0.05,0
PositiveID_187636,485,S,0.0264142043888568,0,0.1,0.05,0
PositiveID_187636,486,T,0.0260466076433658,0,0.1,0.05,0
PositiveID_187636,487,Y,0.0270658675581216,0,0.1,0.05,0
PositiveID_187636,488,G,0.026468550786376,0,0.1,0.05,0
PositiveID_187636,489,K,0.0263382103294134,0,0.1,0.05,0
PositiveID_187636,490,F,0.0260178092867136,0,0.1,0.05,0
PositiveID_187636,491,L,0.0255893860012292,0,0.1,0.05,0
PositiveID_187636,492,A,0.0239255838096141,0,0.1,0.05,0
PositiveID_187636,493,D,0.0211554002016782,0,0.1,0.05,0
PositiveID_187636,494,G,0.021755751222372,0,0.1,0.05,0
PositiveID_187636,495,G,0.021244129166007,0,0.1,0.05,0
PositiveID_187636,496,C,0.0205454658716917,0,0.1,0.05,0
PositiveID_187636,497,S,0.0190542638301849,0,0.1,0.05,0
PositiveID_187636,498,G,0.0211427304893732,0,0.1,0.05,0
PositiveID_187636,499,G,0.0213809665292501,0,0.1,0.05,0
PositiveID_187636,500,A,0.0195581074804067,0,0.1,0.05,0
PositiveID_187636,501,Y,0.0183923095464706,0,0.1,0.05,0
PositiveID_187636,502,D,0.017387555912137,0,0.1,0.05,0
PositiveID_187636,503,I,0.0167866628617048,0,0.1,0.05,0
PositiveID_187636,504,I,0.0169619023799896,0,0.1,0.05,0
PositiveID_187636,505,M,0.0166978053748607,0,0.1,0.05,0
PositiveID_187636,506,C,0.0190692916512489,0,0.1,0.05,0
PositiveID_187636,507,D,0.0170828681439161,0,0.1,0.05,0
PositiveID_187636,508,E,0.0157583653926849,0,0.1,0.05,0
PositiveID_187636,509,C,0.0151362791657447,0,0.1,0.05,0
PositiveID_187636,510,H,0.0133227715268731,0,0.1,0.05,0
PositiveID_187636,511,S,0.0128572583198547,0,0.1,0.05,0
PositiveID_187636,512,T,0.0121953217312693,0,0.1,0.05,0
PositiveID_187636,513,D,0.0098122814670205,0,0.1,0.05,0
PositiveID_187636,514,S,0.0076236049644649,0,0.1,0.05,0
PositiveID_187636,515,T,0.0063324132934212,0,0.1,0.05,0
PositiveID_187636,516,T,0.0066459304653108,0,0.1,0.05,0
PositiveID_187636,517,I,0.0084357736632227,0,0.1,0.05,0
PositiveID_187636,518,L,0.0073943720199167,0,0.1,0.05,0
PositiveID_187636,519,G,0.0098945591598749,0,0.1,0.05,0
PositiveID_187636,520,I,0.010968217626214,0,0.1,0.05,0
PositiveID_187636,521,G,0.0083229811862111,0,0.1,0.05,0
PositiveID_187636,522,T,0.0083218719810247,0,0.1,0.05,0
PositiveID_187636,523,V,0.0084430398419499,0,0.1,0.05,0
PositiveID_187636,524,L,0.0090269101783633,0,0.1,0.05,0
PositiveID_187636,525,D,0.0075948210433125,0,0.1,0.05,0
PositiveID_187636,526,Q,0.0069528501480817,0,0.1,0.05,0
PositiveID_187636,527,A,0.0066632479429244,0,0.1,0.05,0
PositiveID_187636,528,E,0.0057081584818661,0,0.1,0.05,0
PositiveID_187636,529,T,0.0057099503464996,0,0.1,0.05,0
PositiveID_187636,530,A,0.0057027074508368,0,0.1,0.05,0
PositiveID_187636,531,G,0.0063206357881426,0,0.1,0.05,0
PositiveID_187636,532,A,0.0061069088988006,0,0.1,0.05,0
PositiveID_187636,533,R,0.0053008943796157,0,0.1,0.05,0
PositiveID_187636,534,L,0.0038942899554967,0,0.1,0.05,0
PositiveID_187636,535,V,0.0033850215841084,0,0.1,0.05,0
PositiveID_187636,536,V,0.003720020642504,0,0.1,0.05,0
PositiveID_187636,537,L,0.0033911929931491,0,0.1,0.05,0
PositiveID_187636,538,A,0.0035163736902177,0,0.1,0.05,0
PositiveID_187636,539,T,0.003969001583755,0,0.1,0.05,0
PositiveID_187636,540,A,0.0048563000746071,0,0.1,0.05,0
PositiveID_187636,541,T,0.0049781748093664,0,0.1,0.05,0
PositiveID_187636,542,P,0.0075022154487669,0,0.1,0.05,0
PositiveID_187636,543,P,0.0073151043616235,0,0.1,0.05,0
PositiveID_187636,544,G,0.0068265697918832,0,0.1,0.05,0
PositiveID_187636,545,S,0.0084920786321163,0,0.1,0.05,0
PositiveID_187636,546,V,0.0099503463134169,0,0.1,0.05,0
PositiveID_187636,547,T,0.0109537588432431,0,0.1,0.05,0
PositiveID_187636,548,V,0.0117013277485966,0,0.1,0.05,0
PositiveID_187636,549,P,0.0197345502674579,0,0.1,0.05,0
PositiveID_187636,550,H,0.0192661769688129,0,0.1,0.05,0
PositiveID_187636,551,P,0.0206515993922948,0,0.1,0.05,0
PositiveID_187636,552,N,0.02061771415174,0,0.1,0.05,0
PositiveID_187636,553,I,0.0200048014521598,0,0.1,0.05,0
PositiveID_187636,554,E,0.0230387989431619,0,0.1,0.05,0
PositiveID_187636,555,E,0.0219992976635694,0,0.1,0.05,0
PositiveID_187636,556,V,0.021857475861907,0,0.1,0.05,0
PositiveID_187636,557,A,0.0174322389066219,0,0.1,0.05,0
PositiveID_187636,558,L,0.016008011996746,0,0.1,0.05,0
PositiveID_187636,559,S,0.0146170295774936,0,0.1,0.05,0
PositiveID_187636,560,N,0.0146217355504632,0,0.1,0.05,0
PositiveID_187636,561,T,0.0140108047053217,0,0.1,0.05,0
PositiveID_187636,562,G,0.0147215435281395,0,0.1,0.05,0
PositiveID_187636,563,E,0.0140819735825061,0,0.1,0.05,0
PositiveID_187636,564,I,0.0149544244632124,0,0.1,0.05,0
PositiveID_187636,565,P,0.016218164935708,0,0.1,0.05,0
PositiveID_187636,566,F,0.0168747194111347,0,0.1,0.05,0
PositiveID_187636,567,Y,0.0172649882733821,0,0.1,0.05,0
PositiveID_187636,568,G,0.016735253855586,0,0.1,0.05,0
PositiveID_187636,569,K,0.0165611505508422,0,0.1,0.05,0
PositiveID_187636,570,A,0.0159267522394657,0,0.1,0.05,0
PositiveID_187636,571,I,0.0156522560864686,0,0.1,0.05,0
PositiveID_187636,572,P,0.0157280340790748,0,0.1,0.05,0
PositiveID_187636,573,I,0.0151629084721207,0,0.1,0.05,0
PositiveID_187636,574,E,0.0145383588969707,0,0.1,0.05,0
PositiveID_187636,575,T,0.0148714436218142,0,0.1,0.05,0
PositiveID_187636,576,I,0.0147648761048913,0,0.1,0.05,0
PositiveID_187636,577,K,0.0155174164101481,0,0.1,0.05,0
PositiveID_187636,578,G,0.0157468169927597,0,0.1,0.05,0
PositiveID_187636,579,G,0.0156780872493982,0,0.1,0.05,0
PositiveID_187636,580,R,0.0154134407639503,0,0.1,0.05,0
PositiveID_187636,581,H,0.0141917001456022,0,0.1,0.05,0
PositiveID_187636,582,L,0.0132443103939294,0,0.1,0.05,0
PositiveID_187636,583,I,0.0124003933742642,0,0.1,0.05,0
PositiveID_187636,584,F,0.0112111987546086,0,0.1,0.05,0
PositiveID_187636,585,C,0.0096402736380696,0,0.1,0.05,0
PositiveID_187636,586,H,0.0082101905718445,0,0.1,0.05,0
PositiveID_187636,587,S,0.0081986701115965,0,0.1,0.05,0
PositiveID_187636,588,K,0.0073002995923161,0,0.1,0.05,0
PositiveID_187636,589,K,0.0069497851654887,0,0.1,0.05,0
PositiveID_187636,590,K,0.006246190983802,0,0.1,0.05,0
PositiveID_187636,591,C,0.0050554894842207,0,0.1,0.05,0
PositiveID_187636,592,D,0.0043145548552274,0,0.1,0.05,0
PositiveID_187636,593,E,0.0037688049487769,0,0.1,0.05,0
PositiveID_187636,594,L,0.0027584133204072,0,0.1,0.05,0
PositiveID_187636,595,A,0.0025410978123545,0,0.1,0.05,0
PositiveID_187636,596,A,0.0024251104332506,0,0.1,0.05,0
PositiveID_187636,597,K,0.0028113853186368,0,0.1,0.05,0
PositiveID_187636,598,L,0.002444494748488,0,0.1,0.05,0
PositiveID_187636,599,S,0.0022620705422014,0,0.1,0.05,0
PositiveID_187636,600,G,0.0025442615151405,0,0.1,0.05,0
PositiveID_187636,601,L,0.0027241534553468,0,0.1,0.05,0
PositiveID_187636,602,G,0.0028520689811557,0,0.1,0.05,0
PositiveID_187636,603,L,0.0026832739822566,0,0.1,0.05,0
PositiveID_187636,604,N,0.0026711558457463,0,0.1,0.05,0
PositiveID_187636,605,A,0.002924901433289,0,0.1,0.05,0
PositiveID_187636,606,V,0.0031506365630775,0,0.1,0.05,0
PositiveID_187636,607,A,0.0040614372119307,0,0.1,0.05,0
PositiveID_187636,608,Y,0.0043402076698839,0,0.1,0.05,0
PositiveID_187636,609,Y,0.0040635401383042,0,0.1,0.05,0
PositiveID_187636,610,R,0.0037502348423004,0,0.1,0.05,0
PositiveID_187636,611,G,0.0033755099866539,0,0.1,0.05,0
PositiveID_187636,612,L,0.0029104535933583,0,0.1,0.05,0
PositiveID_187636,613,D,0.0027617693413048,0,0.1,0.05,0
PositiveID_187636,614,V,0.0028168286662548,0,0.1,0.05,0
PositiveID_187636,615,S,0.0025992116425186,0,0.1,0.05,0
PositiveID_187636,616,V,0.0024517797864973,0,0.1,0.05,0
PositiveID_187636,617,I,0.0025738959666341,0,0.1,0.05,0
PositiveID_187636,618,P,0.0033636763691902,0,0.1,0.05,0
PositiveID_187636,619,T,0.0034740266855806,0,0.1,0.05,0
PositiveID_187636,620,S,0.0035555250942707,0,0.1,0.05,0
PositiveID_187636,621,G,0.0037879094015806,0,0.1,0.05,0
PositiveID_187636,622,D,0.0041083917021751,0,0.1,0.05,0
PositiveID_187636,623,V,0.0046021044254302,0,0.1,0.05,0
PositiveID_187636,624,V,0.0044799130409955,0,0.1,0.05,0
PositiveID_187636,625,V,0.0044187097810208,0,0.1,0.05,0
PositiveID_187636,626,V,0.0044764201156795,0,0.1,0.05,0
PositiveID_187636,627,A,0.0048059332184493,0,0.1,0.05,0
PositiveID_187636,628,T,0.0047254171222448,0,0.1,0.05,0
PositiveID_187636,629,D,0.0053179529495537,0,0.1,0.05,0
PositiveID_187636,630,A,0.0054023656994104,0,0.1,0.05,0
PositiveID_187636,631,L,0.0063277315348386,0,0.1,0.05,0
PositiveID_187636,632,M,0.0061613200232386,0,0.1,0.05,0
PositiveID_187636,633,T,0.0064078671857714,0,0.1,0.05,0
PositiveID_187636,634,G,0.0072889705188572,0,0.1,0.05,0
PositiveID_187636,635,F,0.0084944954141974,0,0.1,0.05,0
PositiveID_187636,636,T,0.0074498709291219,0,0.1,0.05,0
PositiveID_187636,637,G,0.0083313649520277,0,0.1,0.05,0
PositiveID_187636,638,D,0.0071466690860688,0,0.1,0.05,0
PositiveID_187636,639,F,0.0070332456380128,0,0.1,0.05,0
PositiveID_187636,640,D,0.0067049050703644,0,0.1,0.05,0
PositiveID_187636,641,S,0.0068037318997085,0,0.1,0.05,0
PositiveID_187636,642,V,0.0067934701219201,0,0.1,0.05,0
PositiveID_187636,643,I,0.0069043152034282,0,0.1,0.05,0
PositiveID_187636,644,D,0.0066852853633463,0,0.1,0.05,0
PositiveID_187636,645,C,0.0076301377266645,0,0.1,0.05,0
PositiveID_187636,646,N,0.006602075882256,0,0.1,0.05,0
PositiveID_187636,647,T,0.0067095337435603,0,0.1,0.05,0
PositiveID_187636,648,C,0.0079613393172621,0,0.1,0.05,0
PositiveID_187636,649,V,0.0069830529391765,0,0.1,0.05,0
PositiveID_187636,650,T,0.0080001140013337,0,0.1,0.05,0
PositiveID_187636,651,Q,0.0078891655430197,0,0.1,0.05,0
PositiveID_187636,652,T,0.0083721559494733,0,0.1,0.05,0
PositiveID_187636,653,V,0.0099782980978488,0,0.1,0.05,0
PositiveID_187636,654,D,0.0100100822746753,0,0.1,0.05,0
PositiveID_187636,655,F,0.0101529909297823,0,0.1,0.05,0
PositiveID_187636,656,S,0.0093614561483263,0,0.1,0.05,0
PositiveID_187636,657,L,0.0105710318312048,0,0.1,0.05,0
PositiveID_187636,658,D,0.0103443367406725,0,0.1,0.05,0
PositiveID_187636,659,P,0.0113142719492316,0,0.1,0.05,0
PositiveID_187636,660,T,0.0125409932807087,0,0.1,0.05,0
PositiveID_187636,661,F,0.0132314916700124,0,0.1,0.05,0
PositiveID_187636,662,T,0.0123741365969181,0,0.1,0.05,0
PositiveID_187636,663,I,0.0126275168731808,0,0.1,0.05,0
PositiveID_187636,664,E,0.0120553635060787,0,0.1,0.05,0
PositiveID_187636,665,T,0.0126175628975033,0,0.1,0.05,0
PositiveID_187636,666,T,0.012689677067101,0,0.1,0.05,0
PositiveID_187636,667,T,0.0121805565431714,0,0.1,0.05,0
PositiveID_187636,668,V,0.0121796559542417,0,0.1,0.05,0
PositiveID_187636,669,P,0.0153570836409926,0,0.1,0.05,0
PositiveID_187636,670,Q,0.0160748101770877,0,0.1,0.05,0
PositiveID_187636,671,D,0.0162183847278356,0,0.1,0.05,0
PositiveID_187636,672,A,0.0149758765473961,0,0.1,0.05,0
PositiveID_187636,673,V,0.0144516546279191,0,0.1,0.05,0
PositiveID_187636,674,S,0.0149142714217305,0,0.1,0.05,0
PositiveID_187636,675,R,0.016750082373619,0,0.1,0.05,0
PositiveID_187636,676,S,0.015968807041645,0,0.1,0.05,0
PositiveID_187636,677,Q,0.017942726612091,0,0.1,0.05,0
PositiveID_187636,678,R,0.0182516444474458,0,0.1,0.05,0
PositiveID_187636,679,R,0.0187681559473276,0,0.1,0.05,0
PositiveID_187636,680,G,0.0198803041130304,0,0.1,0.05,0
PositiveID_187636,681,R,0.0199100114405155,0,0.1,0.05,0
PositiveID_187636,682,T,0.0183183420449495,0,0.1,0.05,0
PositiveID_187636,683,G,0.018449243158102,0,0.1,0.05,0
PositiveID_187636,684,R,0.0176254641264677,0,0.1,0.05,0
PositiveID_187636,685,S,0.0166184157133102,0,0.1,0.05,0
PositiveID_187636,686,R,0.0169766098260879,0,0.1,0.05,0
PositiveID_187636,687,R,0.0162327028810977,0,0.1,0.05,0
PositiveID_187636,688,G,0.0162502322345972,0,0.1,0.05,0
PositiveID_187636,689,I,0.0154895698651671,0,0.1,0.05,0
PositiveID_187636,690,Y,0.0161696597933769,0,0.1,0.05,0
PositiveID_187636,691,R,0.0156015511602163,0,0.1,0.05,0
PositiveID_187636,692,F,0.0155877945944666,0,0.1,0.05,0
PositiveID_187636,693,V,0.0160802341997623,0,0.1,0.05,0
PositiveID_187636,694,T,0.0176088362932205,0,0.1,0.05,0
PositiveID_187636,695,P,0.0184554886072874,0,0.1,0.05,0
PositiveID_187636,696,G,0.0214907564222812,0,0.1,0.05,0
PositiveID_187636,697,E,0.0186525229364633,0,0.1,0.05,0
PositiveID_187636,698,R,0.0166349820792675,0,0.1,0.05,0
PositiveID_187636,699,P,0.0155985169112682,0,0.1,0.05,0
PositiveID_187636,700,S,0.015305851586163,0,0.1,0.05,0
PositiveID_187636,701,G,0.0158126316964626,0,0.1,0.05,0
PositiveID_187636,702,M,0.0149522321298718,0,0.1,0.05,0
PositiveID_187636,703,F,0.0140770757570862,0,0.1,0.05,0
PositiveID_187636,704,D,0.013014449737966,0,0.1,0.05,0
PositiveID_187636,705,S,0.0130646470934152,0,0.1,0.05,0
PositiveID_187636,706,S,0.0121493330225348,0,0.1,0.05,0
PositiveID_187636,707,V,0.011051039211452,0,0.1,0.05,0
PositiveID_187636,708,L,0.0114369448274374,0,0.1,0.05,0
PositiveID_187636,709,C,0.0131076443940401,0,0.1,0.05,0
PositiveID_187636,710,E,0.0134689407423138,0,0.1,0.05,0
PositiveID_187636,711,C,0.0139416493475437,0,0.1,0.05,0
PositiveID_187636,712,Y,0.0150066399946808,0,0.1,0.05,0
PositiveID_187636,713,D,0.0145117947831749,0,0.1,0.05,0
PositiveID_187636,714,A,0.0182325039058923,0,0.1,0.05,0
PositiveID_187636,715,G,0.0291399005800485,0,0.1,0.05,0
PositiveID_187636,716,C,0.0304534677416086,0,0.1,0.05,0
PositiveID_187636,717,A,0.034969288855791,0,0.1,0.05,0
PositiveID_187636,718,W,0.0396164022386074,0,0.1,0.05,0
PositiveID_187636,719,Y,0.0378711111843586,0,0.1,0.05,0
PositiveID_187636,720,E,0.0375635996460914,0,0.1,0.05,0
PositiveID_187636,721,L,0.0402042679488658,0,0.1,0.05,0
PositiveID_187636,722,T,0.0400236621499061,0,0.1,0.05,0
PositiveID_187636,723,P,0.0428357720375061,0,0.1,0.05,0
PositiveID_187636,724,A,0.0468318648636341,0,0.1,0.05,0
PositiveID_187636,725,E,0.0513876006007194,0,0.1,0.05,1
PositiveID_187636,726,T,0.0519434884190559,0,0.1,0.05,1
PositiveID_187636,727,S,0.0562767274677753,0,0.1,0.05,1
PositiveID_187636,728,V,0.0607247278094291,0,0.1,0.05,1
PositiveID_187636,729,R,0.0558653511106967,0,0.1,0.05,1
PositiveID_187636,730,L,0.0542992055416107,0,0.1,0.05,1
PositiveID_187636,731,R,0.0559546165168285,0,0.1,0.05,1
PositiveID_187636,732,A,0.0431197024881839,0,0.1,0.05,0
PositiveID_187636,733,Y,0.0394444540143013,0,0.1,0.05,0
PositiveID_187636,734,L,0.0314835645258426,0,0.1,0.05,0
PositiveID_187636,735,N,0.0260591302067041,0,0.1,0.05,0
PositiveID_187636,736,T,0.0230123400688171,0,0.1,0.05,0
PositiveID_187636,737,P,0.0225069802254438,0,0.1,0.05,0
PositiveID_187636,738,G,0.0207417383790016,0,0.1,0.05,0
PositiveID_187636,739,L,0.0204330720007419,0,0.1,0.05,0
PositiveID_187636,740,P,0.0191155951470136,0,0.1,0.05,0
PositiveID_187636,741,V,0.0175251252949237,0,0.1,0.05,0
PositiveID_187636,742,C,0.0198153983801603,0,0.1,0.05,0
PositiveID_187636,743,Q,0.0189157761633396,0,0.1,0.05,0
PositiveID_187636,744,D,0.01612014696002,0,0.1,0.05,0
PositiveID_187636,745,H,0.0151052046567201,0,0.1,0.05,0
PositiveID_187636,746,L,0.0104572614654898,0,0.1,0.05,0
PositiveID_187636,747,E,0.0098472945392131,0,0.1,0.05,0
PositiveID_187636,748,F,0.0092538120225071,0,0.1,0.05,0
PositiveID_187636,749,W,0.0073549663648009,0,0.1,0.05,0
PositiveID_187636,750,E,0.0068850386887788,0,0.1,0.05,0
PositiveID_187636,751,S,0.0062072337605059,0,0.1,0.05,0
PositiveID_187636,752,V,0.0058388062752783,0,0.1,0.05,0
PositiveID_187636,753,F,0.0057000881060957,0,0.1,0.05,0
PositiveID_187636,754,T,0.0049141789786517,0,0.1,0.05,0
PositiveID_187636,755,G,0.0050352392718195,0,0.1,0.05,0
PositiveID_187636,756,L,0.0045413644984364,0,0.1,0.05,0
PositiveID_187636,757,T,0.0047207726165652,0,0.1,0.05,0
PositiveID_187636,758,H,0.0044007981196045,0,0.1,0.05,0
PositiveID_187636,759,I,0.0042848014272749,0,0.1,0.05,0
PositiveID_187636,760,D,0.0046678446233272,0,0.1,0.05,0
PositiveID_187636,761,A,0.0045087053440511,0,0.1,0.05,0
PositiveID_187636,762,H,0.0048418561927974,0,0.1,0.05,0
PositiveID_187636,763,F,0.0042329179123044,0,0.1,0.05,0
PositiveID_187636,764,L,0.0043669966980814,0,0.1,0.05,0
PositiveID_187636,765,S,0.005017589777708,0,0.1,0.05,0
PositiveID_187636,766,Q,0.005404454190284,0,0.1,0.05,0
PositiveID_187636,767,T,0.0062262914143502,0,0.1,0.05,0
PositiveID_187636,768,K,0.0059908297844231,0,0.1,0.05,0
PositiveID_187636,769,Q,0.0072692027315497,0,0.1,0.05,0
PositiveID_187636,770,A,0.0102379424497485,0,0.1,0.05,0
PositiveID_187636,771,G,0.0111194746568799,0,0.1,0.05,0
PositiveID_187636,772,D,0.0084161525592207,0,0.1,0.05,0
PositiveID_187636,773,N,0.0087306974455714,0,0.1,0.05,0
PositiveID_187636,774,L,0.0103602483868598,0,0.1,0.05,0
PositiveID_187636,775,P,0.0101900063455104,0,0.1,0.05,0
PositiveID_187636,776,Y,0.0099682174623012,0,0.1,0.05,0
PositiveID_187636,777,L,0.0115198008716106,0,0.1,0.05,0
PositiveID_187636,778,V,0.0100143887102603,0,0.1,0.05,0
PositiveID_187636,779,A,0.0102659314870834,0,0.1,0.05,0
PositiveID_187636,780,Y,0.0100667234510183,0,0.1,0.05,0
PositiveID_187636,781,Q,0.0097895925864577,0,0.1,0.05,0
PositiveID_187636,782,A,0.0103863980621099,0,0.1,0.05,0
PositiveID_187636,783,T,0.0095243165269494,0,0.1,0.05,0
PositiveID_187636,784,V,0.010468428954482,0,0.1,0.05,0
PositiveID_187636,785,C,0.0107367727905511,0,0.1,0.05,0
PositiveID_187636,786,A,0.0110263228416442,0,0.1,0.05,0
PositiveID_187636,787,R,0.0110613573342561,0,0.1,0.05,0
PositiveID_187636,788,A,0.0118843642994761,0,0.1,0.05,0
PositiveID_187636,789,Q,0.0112048797309398,0,0.1,0.05,0
PositiveID_187636,790,A,0.0120303845033049,0,0.1,0.05,0
PositiveID_187636,791,P,0.0126784211024641,0,0.1,0.05,0
PositiveID_187636,792,P,0.0131970392540097,0,0.1,0.05,0
PositiveID_187636,793,P,0.0133472587913274,0,0.1,0.05,0
PositiveID_187636,794,S,0.0132241835817694,0,0.1,0.05,0
PositiveID_187636,795,W,0.0129035599529743,0,0.1,0.05,0
PositiveID_187636,796,D,0.0113418661057949,0,0.1,0.05,0
PositiveID_187636,797,Q,0.0128338886424899,0,0.1,0.05,0
PositiveID_187636,798,M,0.013313109986484,0,0.1,0.05,0
PositiveID_187636,799,W,0.0137013997882604,0,0.1,0.05,0
PositiveID_187636,800,K,0.012826906517148,0,0.1,0.05,0
PositiveID_187636,801,C,0.0122365374118089,0,0.1,0.05,0
PositiveID_187636,802,L,0.0120519790798425,0,0.1,0.05,0
PositiveID_187636,803,I,0.011599170975387,0,0.1,0.05,0
PositiveID_187636,804,R,0.0115681616589427,0,0.1,0.05,0
PositiveID_187636,805,L,0.0114761190488934,0,0.1,0.05,0
PositiveID_187636,806,K,0.0115212341770529,0,0.1,0.05,0
PositiveID_187636,807,P,0.0116201881319284,0,0.1,0.05,0
PositiveID_187636,808,T,0.0112036010250449,0,0.1,0.05,0
PositiveID_187636,809,L,0.010844238102436,0,0.1,0.05,0
PositiveID_187636,810,H,0.0099518876522779,0,0.1,0.05,0
PositiveID_187636,811,G,0.0098715042695403,0,0.1,0.05,0
PositiveID_187636,812,P,0.0101745026186108,0,0.1,0.05,0
PositiveID_187636,813,T,0.0096028195694088,0,0.1,0.05,0
PositiveID_187636,814,P,0.0089522218331694,0,0.1,0.05,0
PositiveID_187636,815,L,0.0074677937664091,0,0.1,0.05,0
PositiveID_187636,816,L,0.006699320860207,0,0.1,0.05,0
PositiveID_187636,817,Y,0.006485660560429,0,0.1,0.05,0
PositiveID_187636,818,R,0.0064207459799945,0,0.1,0.05,0
PositiveID_187636,819,L,0.0062468363903462,0,0.1,0.05,0
PositiveID_187636,820,G,0.0056525897234678,0,0.1,0.05,0
PositiveID_187636,821,A,0.0067103058099746,0,0.1,0.05,0
PositiveID_187636,822,V,0.0062405848875641,0,0.1,0.05,0
PositiveID_187636,823,Q,0.0062570516020059,0,0.1,0.05,0
PositiveID_187636,824,N,0.0063156243413686,0,0.1,0.05,0
PositiveID_187636,825,E,0.0059611308388412,0,0.1,0.05,0
PositiveID_187636,826,V,0.0059774848632514,0,0.1,0.05,0
PositiveID_187636,827,T,0.0060595176182687,0,0.1,0.05,0
PositiveID_187636,828,L,0.0077287266030907,0,0.1,0.05,0
PositiveID_187636,829,T,0.006509827915579,0,0.1,0.05,0
PositiveID_187636,830,H,0.0060997880063951,0,0.1,0.05,0
PositiveID_187636,831,P,0.0065594315528869,0,0.1,0.05,0
PositiveID_187636,832,I,0.0061671123839914,0,0.1,0.05,0
PositiveID_187636,833,T,0.0060161664150655,0,0.1,0.05,0
PositiveID_187636,834,K,0.0066548730246722,0,0.1,0.05,0
PositiveID_187636,835,Y,0.0073311300948262,0,0.1,0.05,0
PositiveID_187636,836,I,0.0066852853633463,0,0.1,0.05,0
PositiveID_187636,837,M,0.006350134499371,0,0.1,0.05,0
PositiveID_187636,838,A,0.0062645841389894,0,0.1,0.05,0
PositiveID_187636,839,C,0.0059318225830793,0,0.1,0.05,0
PositiveID_187636,840,M,0.0053572528995573,0,0.1,0.05,0
PositiveID_187636,841,S,0.0054195593111217,0,0.1,0.05,0
PositiveID_187636,842,A,0.0052860304713249,0,0.1,0.05,0
PositiveID_187636,843,D,0.0050835497677326,0,0.1,0.05,0
PositiveID_187636,844,L,0.0055940747261047,0,0.1,0.05,0
PositiveID_187636,845,E,0.00561482924968,0,0.1,0.05,0
PositiveID_187636,846,V,0.005530463065952,0,0.1,0.05,0
PositiveID_187636,847,V,0.0053869378753006,0,0.1,0.05,0
PositiveID_187636,848,T,0.0055387984029948,0,0.1,0.05,0
PositiveID_187636,849,S,0.0053951097652316,0,0.1,0.05,0
PositiveID_187636,850,T,0.0052339187823235,0,0.1,0.05,0
PositiveID_187636,851,W,0.0053384047932922,0,0.1,0.05,0
PositiveID_187636,852,V,0.0047467313706874,0,0.1,0.05,0
PositiveID_187636,853,L,0.0046270159073174,0,0.1,0.05,0
PositiveID_187636,854,V,0.0042961291037499,0,0.1,0.05,0
PositiveID_187636,855,G,0.0044663101434707,0,0.1,0.05,0
PositiveID_187636,856,G,0.0047086561098694,0,0.1,0.05,0
PositiveID_187636,857,V,0.005083636380732,0,0.1,0.05,0
PositiveID_187636,858,L,0.0047442922368645,0,0.1,0.05,0
PositiveID_187636,859,A,0.0048465570434927,0,0.1,0.05,0
PositiveID_187636,860,A,0.0053160618990659,0,0.1,0.05,0
PositiveID_187636,861,L,0.0051959007978439,0,0.1,0.05,0
PositiveID_187636,862,A,0.0056852381676435,0,0.1,0.05,0
PositiveID_187636,863,A,0.0064806202426552,0,0.1,0.05,0
PositiveID_187636,864,Y,0.0064542763866484,0,0.1,0.05,0
PositiveID_187636,865,C,0.0060796770267188,0,0.1,0.05,0
PositiveID_187636,866,L,0.005867279600352,0,0.1,0.05,0
PositiveID_187636,867,T,0.0057909488677978,0,0.1,0.05,0
PositiveID_187636,868,T,0.0061383508145809,0,0.1,0.05,0
PositiveID_187636,869,G,0.0067051779478788,0,0.1,0.05,0
PositiveID_187636,870,S,0.0061775986105203,0,0.1,0.05,0
PositiveID_187636,871,V,0.006284661591053,0,0.1,0.05,0
PositiveID_187636,872,V,0.0063499752432107,0,0.1,0.05,0
PositiveID_187636,873,I,0.0067009171470999,0,0.1,0.05,0
PositiveID_187636,874,V,0.0068067414686083,0,0.1,0.05,0
PositiveID_187636,875,G,0.0069300713948905,0,0.1,0.05,0
PositiveID_187636,876,R,0.006798380985856,0,0.1,0.05,0
PositiveID_187636,877,I,0.0073949801735579,0,0.1,0.05,0
PositiveID_187636,878,N,0.009055315516889,0,0.1,0.05,0
PositiveID_187636,879,L,0.0096459798514842,0,0.1,0.05,0
PositiveID_187636,880,S,0.0087662423029541,0,0.1,0.05,0
PositiveID_187636,881,G,0.0109169194474816,0,0.1,0.05,0
PositiveID_187636,882,R,0.0136284809559583,0,0.1,0.05,0
PositiveID_187636,883,P,0.0131523162126541,0,0.1,0.05,0
PositiveID_187636,884,A,0.0137530583888292,0,0.1,0.05,0
PositiveID_187636,885,V,0.0142428772523999,0,0.1,0.05,0
PositiveID_187636,886,I,0.0178278610110282,0,0.1,0.05,0
PositiveID_187636,887,P,0.0238730069249868,0,0.1,0.05,0
PositiveID_187636,888,D,0.0273536685854196,0,0.1,0.05,0
PositiveID_187636,889,R,0.0293064247816801,0,0.1,0.05,0
PositiveID_187636,890,E,0.0321884267032146,0,0.1,0.05,0
PositiveID_187636,891,V,0.0328252464532852,0,0.1,0.05,0
PositiveID_187636,892,L,0.0335577130317688,0,0.1,0.05,0
PositiveID_187636,893,Y,0.0345422029495239,0,0.1,0.05,0
PositiveID_187636,894,R,0.0339960977435112,0,0.1,0.05,0
PositiveID_187636,895,E,0.0319293364882469,0,0.1,0.05,0
PositiveID_187636,896,F,0.03090500831604,0,0.1,0.05,0
PositiveID_187636,897,D,0.0304941069334745,0,0.1,0.05,0
PositiveID_187636,898,E,0.0247662719339132,0,0.1,0.05,0
PositiveID_187636,899,M,0.0219592507928609,0,0.1,0.05,0
PositiveID_187636,900,E,0.0228600576519966,0,0.1,0.05,0
PositiveID_187636,901,E,0.0230186097323894,0,0.1,0.05,0
PositiveID_187636,902,C,0.0185547601431608,0,0.1,0.05,0
PositiveID_188940,1,M,0.1599757671356201,1,0.1,0.05,1
PositiveID_188940,2,P,0.3206002116203308,1,0.1,0.05,1
PositiveID_188940,3,E,0.6029874086380005,1,0.1,0.05,1
PositiveID_188940,4,P,0.7414475679397583,1,0.1,0.05,1
PositiveID_188940,5,A,0.7812743186950684,1,0.1,0.05,1
PositiveID_188940,6,K,0.7809022068977356,1,0.1,0.05,1
PositiveID_188940,7,S,0.8236056566238403,1,0.1,0.05,1
PositiveID_188940,8,A,0.7973757386207581,1,0.1,0.05,1
PositiveID_188940,9,P,0.7700092792510986,1,0.1,0.05,1
PositiveID_188940,10,A,0.7829824686050415,1,0.1,0.05,1
PositiveID_188940,11,P,0.7417157888412476,1,0.1,0.05,1
PositiveID_188940,12,K,0.7412289381027222,1,0.1,0.05,1
PositiveID_188940,13,K,0.7528326511383057,1,0.1,0.05,1
PositiveID_188940,14,G,0.7500713467597961,1,0.1,0.05,1
PositiveID_188940,15,S,0.6983262896537781,1,0.1,0.05,1
PositiveID_188940,16,K,0.6935471296310425,1,0.1,0.05,1
PositiveID_188940,17,K,0.6822417378425598,1,0.1,0.05,1
PositiveID_188940,18,A,0.6324784159660339,1,0.1,0.05,1
PositiveID_188940,19,V,0.5881397724151611,1,0.1,0.05,1
PositiveID_188940,20,T,0.572243869304657,1,0.1,0.05,1
PositiveID_188940,21,K,0.4928071200847626,1,0.1,0.05,1
PositiveID_188940,22,A,0.3200260698795318,1,0.1,0.05,1
PositiveID_188940,23,Q,0.175282284617424,1,0.1,0.05,1
PositiveID_188940,24,K,0.1958019286394119,1,0.1,0.05,1
PositiveID_188940,25,K,0.1859196275472641,1,0.1,0.05,1
PositiveID_188940,26,D,0.1086265966296196,1,0.1,0.05,1
PositiveID_188940,27,G,0.0940348953008651,0,0.1,0.05,1
PositiveID_188940,28,R,0.0787491053342819,0,0.1,0.05,1
PositiveID_188940,29,K,0.0856990963220596,0,0.1,0.05,1
PositiveID_188940,30,R,0.0674357265233993,0,0.1,0.05,1
PositiveID_188940,31,K,0.071949228644371,0,0.1,0.05,1
PositiveID_188940,32,R,0.0618954338133335,0,0.1,0.05,1
PositiveID_188940,33,S,0.057772260159254,0,0.1,0.05,1
PositiveID_188940,34,R,0.057240966707468,0,0.1,0.05,1
PositiveID_188940,35,K,0.0572734661400318,0,0.1,0.05,1
PositiveID_188940,36,E,0.0465488508343696,0,0.1,0.05,0
PositiveID_188940,37,S,0.0501733422279357,0,0.1,0.05,1
PositiveID_188940,38,Y,0.0447943061590194,0,0.1,0.05,0
PositiveID_188940,39,S,0.0469074621796608,0,0.1,0.05,0
PositiveID_188940,40,V,0.0518814101815223,0,0.1,0.05,1
PositiveID_188940,41,Y,0.0561416670680046,0,0.1,0.05,1
PositiveID_188940,42,V,0.0575232878327369,0,0.1,0.05,1
PositiveID_188940,43,Y,0.0589330270886421,0,0.1,0.05,1
PositiveID_188940,44,K,0.0659422874450683,0,0.1,0.05,1
PositiveID_188940,45,V,0.0591323636472225,0,0.1,0.05,1
PositiveID_188940,46,L,0.0490811131894588,0,0.1,0.05,0
PositiveID_188940,47,K,0.0550312437117099,0,0.1,0.05,1
PositiveID_188940,48,Q,0.0572634115815162,0,0.1,0.05,1
PositiveID_188940,49,V,0.0622031688690185,0,0.1,0.05,1
PositiveID_188940,50,H,0.0587039999663829,0,0.1,0.05,1
PositiveID_188940,51,P,0.064143031835556,0,0.1,0.05,1
PositiveID_188940,52,D,0.0629071518778801,0,0.1,0.05,1
PositiveID_188940,53,T,0.0650718808174133,0,0.1,0.05,1
PositiveID_188940,54,G,0.0775227546691894,0,0.1,0.05,1
PositiveID_188940,55,I,0.080920360982418,0,0.1,0.05,1
PositiveID_188940,56,S,0.0847335904836654,0,0.1,0.05,1
PositiveID_188940,57,S,0.0843607410788536,0,0.1,0.05,1
PositiveID_188940,58,K,0.0828418359160423,0,0.1,0.05,1
PositiveID_188940,59,A,0.0784635841846466,0,0.1,0.05,1
PositiveID_188940,60,M,0.0807752385735511,0,0.1,0.05,1
PositiveID_188940,61,G,0.0879998356103897,0,0.1,0.05,1
PositiveID_188940,62,I,0.0726649314165115,0,0.1,0.05,1
PositiveID_188940,63,M,0.0728635638952255,0,0.1,0.05,1
PositiveID_188940,64,N,0.0772029384970665,0,0.1,0.05,1
PositiveID_188940,65,S,0.0696196928620338,0,0.1,0.05,1
PositiveID_188940,66,F,0.0693240165710449,0,0.1,0.05,1
PositiveID_188940,67,V,0.0538984723389148,0,0.1,0.05,1
PositiveID_188940,68,N,0.0552501380443573,0,0.1,0.05,1
PositiveID_188940,69,D,0.0522429309785366,0,0.1,0.05,1
PositiveID_188940,70,I,0.0511270388960838,0,0.1,0.05,1
PositiveID_188940,71,F,0.0519723892211914,0,0.1,0.05,1
PositiveID_188940,72,E,0.0469173900783062,0,0.1,0.05,0
PositiveID_188940,73,R,0.0485207624733448,0,0.1,0.05,0
PositiveID_188940,74,I,0.0452717393636703,0,0.1,0.05,0
PositiveID_188940,75,A,0.0372689627110958,0,0.1,0.05,0
PositiveID_188940,76,G,0.0289167258888483,0,0.1,0.05,0
PositiveID_188940,77,E,0.0275524407625198,0,0.1,0.05,0
PositiveID_188940,78,A,0.0265590734779834,0,0.1,0.05,0
PositiveID_188940,79,S,0.0263123661279678,0,0.1,0.05,0
PositiveID_188940,80,R,0.0270630493760108,0,0.1,0.05,0
PositiveID_188940,81,L,0.0261406041681766,0,0.1,0.05,0
PositiveID_188940,82,P,0.0252641160041093,0,0.1,0.05,0
PositiveID_188940,83,H,0.0234497208148241,0,0.1,0.05,0
PositiveID_188940,84,Y,0.0272820387035608,0,0.1,0.05,0
PositiveID_188940,85,N,0.0262018423527479,0,0.1,0.05,0
PositiveID_188940,86,K,0.0277867838740348,0,0.1,0.05,0
PositiveID_188940,87,R,0.0269031524658203,0,0.1,0.05,0
PositiveID_188940,88,S,0.0245782937854528,0,0.1,0.05,0
PositiveID_188940,89,T,0.0204863771796226,0,0.1,0.05,0
PositiveID_188940,90,I,0.0242832023650407,0,0.1,0.05,0
PositiveID_188940,91,T,0.0238888692110776,0,0.1,0.05,0
PositiveID_188940,92,S,0.0255246553570032,0,0.1,0.05,0
PositiveID_188940,93,R,0.0276740361005067,0,0.1,0.05,0
PositiveID_188940,94,E,0.0274025816470384,0,0.1,0.05,0
PositiveID_188940,95,I,0.031600683927536,0,0.1,0.05,0
PositiveID_188940,96,Q,0.0274616330862045,0,0.1,0.05,0
PositiveID_188940,97,T,0.0250876899808645,0,0.1,0.05,0
PositiveID_188940,98,A,0.0300960633903741,0,0.1,0.05,0
PositiveID_188940,99,V,0.0271508991718292,0,0.1,0.05,0
PositiveID_188940,100,R,0.0279759168624877,0,0.1,0.05,0
PositiveID_188940,101,L,0.0321259088814258,0,0.1,0.05,0
PositiveID_188940,102,L,0.0338628105819225,0,0.1,0.05,0
PositiveID_188940,103,L,0.0381350927054882,0,0.1,0.05,0
PositiveID_188940,104,P,0.0463351495563983,0,0.1,0.05,0
PositiveID_188940,105,G,0.0426875278353691,0,0.1,0.05,0
PositiveID_188940,106,E,0.0421865954995155,0,0.1,0.05,0
PositiveID_188940,107,L,0.0418083667755126,0,0.1,0.05,0
PositiveID_188940,108,A,0.0390525087714195,0,0.1,0.05,0
PositiveID_188940,109,K,0.0382735207676887,0,0.1,0.05,0
PositiveID_188940,110,H,0.038370169699192,0,0.1,0.05,0
PositiveID_188940,111,A,0.0377269238233566,0,0.1,0.05,0
PositiveID_188940,112,V,0.035507570952177,0,0.1,0.05,0
PositiveID_188940,113,S,0.031850978732109,0,0.1,0.05,0
PositiveID_188940,114,E,0.0293855909258127,0,0.1,0.05,0
PositiveID_188940,115,G,0.0381464101374149,0,0.1,0.05,0
PositiveID_188940,116,T,0.0301472302526235,0,0.1,0.05,0
PositiveID_188940,117,K,0.029782447963953,0,0.1,0.05,0
PositiveID_188940,118,A,0.0300462041050195,0,0.1,0.05,0
PositiveID_188940,119,V,0.0233459901064634,0,0.1,0.05,0
PositiveID_188940,120,T,0.0230673812329769,0,0.1,0.05,0
PositiveID_188940,121,K,0.0229824073612689,0,0.1,0.05,0
PositiveID_188940,122,Y,0.0230356641113758,0,0.1,0.05,0
PositiveID_188940,123,T,0.0168000869452953,0,0.1,0.05,0
PositiveID_188940,124,S,0.0163495261222124,0,0.1,0.05,0
PositiveID_188940,125,A,0.0179977901279926,0,0.1,0.05,0
PositiveID_188940,126,K,0.0195752270519733,0,0.1,0.05,0
