protein,index,amino acid,score,default indicator,default threshold
1a14_N,2,D,0.0047388849779963,0,0.21
1a14_N,3,F,0.0088968826457858,0,0.21
1a14_N,4,N,0.0018609486287459,0,0.21
1a14_N,5,N,0.0026909604202955,0,0.21
1a14_N,6,L,0.0002821443486027,0,0.21
1a14_N,7,T,0.0022012135013937,0,0.21
1a14_N,8,K,0.0018726767739281,0,0.21
1a14_N,9,G,0.0016202827682718,0,0.21
1a14_N,10,L,0.0004830218967981,0,0.21
1a14_N,11,C,0.0017208943609148,0,0.21
1a14_N,12,T,0.0163498558104038,0,0.21
1a14_N,13,I,0.0029514087364077,0,0.21
1a14_N,14,N,0.007777867373079,0,0.21
1a14_N,15,S,0.0063819107599556,0,0.21
1a14_N,16,W,0.0051644495688378,0,0.21
1a14_N,17,H,0.004697183612734,0,0.21
1a14_N,18,I,0.0045886770822107,0,0.21
1a14_N,19,Y,0.0043955720029771,0,0.21
1a14_N,20,G,0.0012028338387608,0,0.21
1a14_N,21,K,0.0125849610194563,0,0.21
1a14_N,22,D,0.0070396522060036,0,0.21
1a14_N,23,N,0.0352494418621063,0,0.21
1a14_N,24,A,0.0035023316740989,0,0.21
1a14_N,25,V,0.007960021495819,0,0.21
1a14_N,26,R,0.087338201701641,0,0.21
1a14_N,27,I,0.0710777640342712,0,0.21
1a14_N,28,G,0.0044069220311939,0,0.21
1a14_N,29,E,0.0308692846447229,0,0.21
1a14_N,30,D,0.0629220604896545,0,0.21
1a14_N,31,S,0.0237847287207841,0,0.21
1a14_N,32,D,0.024956377223134,0,0.21
1a14_N,33,V,0.014072866179049,0,0.21
1a14_N,34,L,0.0152169568464159,0,0.21
1a14_N,35,V,0.0091058509424328,0,0.21
1a14_N,36,T,0.0075552491471171,0,0.21
1a14_N,37,R,0.024890499189496,0,0.21
1a14_N,38,E,0.0800141617655754,0,0.21
1a14_N,39,P,0.0046107405796647,0,0.21
1a14_N,40,Y,0.007032583002001,0,0.21
1a14_N,41,V,0.0018494821852073,0,0.21
1a14_N,42,S,0.0004494741442613,0,0.21
1a14_N,43,C,0.000287329807179,0,0.21
1a14_N,44,D,0.0052940747700631,0,0.21
1a14_N,45,P,0.0031024666968733,0,0.21
1a14_N,46,D,0.0035020471550524,0,0.21
1a14_N,47,E,0.0025265600997954,0,0.21
1a14_N,48,C,0.0060063567943871,0,0.21
1a14_N,49,R,0.008727747015655,0,0.21
1a14_N,50,F,0.0010051026474684,0,0.21
1a14_N,51,Y,0.0004967201384715,0,0.21
1a14_N,52,A,0.0009990623220801,0,0.21
1a14_N,53,L,0.0061267898418009,0,0.21
1a14_N,54,S,0.0063908700831234,0,0.21
1a14_N,55,Q,0.0151828378438949,0,0.21
1a14_N,56,G,0.0130786364898085,0,0.21
1a14_N,57,T,0.0050509488210082,0,0.21
1a14_N,58,T,0.0213205926120281,0,0.21
1a14_N,59,I,0.0060810833238065,0,0.21
1a14_N,60,R,0.0206794962286949,0,0.21
1a14_N,61,G,0.0114948023110628,0,0.21
1a14_N,62,K,0.0132366782054305,0,0.21
1a14_N,63,H,0.0152303660288453,0,0.21
1a14_N,64,S,0.0035868510603904,0,0.21
1a14_N,65,N,0.0251662861555814,0,0.21
1a14_N,66,G,0.0185490436851978,0,0.21
1a14_N,67,T,0.0058283470571041,0,0.21
1a14_N,68,I,0.1314397156238556,0,0.21
1a14_N,69,H,0.1186674535274505,0,0.21
1a14_N,70,D,0.173572152853012,0,0.21
1a14_N,71,R,0.1401975154876709,0,0.21
1a14_N,72,S,0.0554141551256179,0,0.21
1a14_N,73,Q,0.0403872318565845,0,0.21
1a14_N,74,Y,0.03125786408782,0,0.21
1a14_N,75,R,0.0142106916755437,0,0.21
1a14_N,76,A,0.0269964151084423,0,0.21
1a14_N,77,L,0.0019553394522517,0,0.21
1a14_N,78,I,0.0019604659173637,0,0.21
1a14_N,79,S,0.0051235151477158,0,0.21
1a14_N,80,W,0.0027659158222377,0,0.21
1a14_N,81,P,0.0441741906106472,0,0.21
1a14_N,82,L,0.0524075292050838,0,0.21
1a14_N,83,S,0.0716151446104049,0,0.21
1a14_N,84,S,0.078801043331623,0,0.21
1a14_N,85,P,0.0401727110147476,0,0.21
1a14_N,86,P,0.0091655813157558,0,0.21
1a14_N,87,T,0.0490994527935981,0,0.21
1a14_N,88,V,0.0655571371316909,0,0.21
1a14_N,89,Y,0.0664252564311027,0,0.21
1a14_N,90,N,0.0178518984466791,0,0.21
1a14_N,91,S,0.0114898392930626,0,0.21
1a14_N,92,R,0.0315937511622905,0,0.21
1a14_N,93,V,0.0371026061475276,0,0.21
1a14_N,94,E,0.0099725248292088,0,0.21
1a14_N,95,C,0.0044467663392424,0,0.21
1a14_N,96,I,0.0355715826153755,0,0.21
1a14_N,97,G,0.0082193976268172,0,0.21
1a14_N,98,W,0.1336297243833542,0,0.21
1a14_N,99,S,0.1441425532102584,0,0.21
1a14_N,100,S,0.0331963486969471,0,0.21
1a14_N,101,T,0.0188069473952054,0,0.21
1a14_N,102,S,0.0201243683695793,0,0.21
1a14_N,103,C,0.0044495179317891,0,0.21
1a14_N,104,H,0.0118538355454802,0,0.21
1a14_N,105,D,0.0026066342834383,0,0.21
1a14_N,106,G,0.0015673036687076,0,0.21
1a14_N,107,K,0.012243247590959,0,0.21
1a14_N,108,T,0.0014428865397349,0,0.21
1a14_N,109,R,0.0009948498336598,0,0.21
1a14_N,110,M,0.0002344123495277,0,0.21
1a14_N,111,S,0.0003572460555005,0,0.21
1a14_N,112,I,0.0001552956819068,0,0.21
1a14_N,113,C,0.0005822958773933,0,0.21
1a14_N,114,I,0.001795504707843,0,0.21
1a14_N,115,S,0.0230569336563348,0,0.21
1a14_N,116,G,0.0107229044660925,0,0.21
1a14_N,117,P,0.035545565187931,0,0.21
1a14_N,118,N,0.0340516231954097,0,0.21
1a14_N,119,N,0.0302641652524471,0,0.21
1a14_N,120,N,0.0099147511646151,0,0.21
1a14_N,121,A,0.0164487920701503,0,0.21
1a14_N,122,S,0.0093061830848455,0,0.21
1a14_N,123,A,0.003102847142145,0,0.21
1a14_N,124,V,0.0037102373316884,0,0.21
1a14_N,125,I,0.0022300549317151,0,0.21
1a14_N,126,W,0.0087233092635869,0,0.21
1a14_N,127,Y,0.0055926023051142,0,0.21
1a14_N,128,N,0.0067326696589589,0,0.21
1a14_N,129,R,0.0139684658497571,0,0.21
1a14_N,130,R,0.0135869299992918,0,0.21
1a14_N,131,P,0.0152149405330419,0,0.21
1a14_N,132,V,0.0158938337117433,0,0.21
1a14_N,133,T,0.0062236986123025,0,0.21
1a14_N,134,E,0.0086475005373358,0,0.21
1a14_N,135,I,0.0033861140254884,0,0.21
1a14_N,136,N,0.0071272440254688,0,0.21
1a14_N,137,T,0.0070578814484179,0,0.21
1a14_N,138,W,0.0253699272871017,0,0.21
1a14_N,139,A,0.0577925629913806,0,0.21
1a14_N,140,R,0.1469135135412216,0,0.21
1a14_N,141,N,0.2040303200483322,0,0.21
1a14_N,142,I,0.2020860463380813,0,0.21
1a14_N,143,L,0.0054248021915555,0,0.21
1a14_N,144,R,0.0148751959204673,0,0.21
1a14_N,145,T,0.0009157289168797,0,0.21
1a14_N,146,Q,0.000740778807085,0,0.21
1a14_N,147,E,0.0021345964632928,0,0.21
1a14_N,148,S,0.0002387824642937,0,0.21
1a14_N,149,E,0.0001512320304755,0,0.21
1a14_N,150,C,3.672443926916458e-05,0,0.21
1a14_N,151,V,7.867828389862552e-05,0,0.21
1a14_N,152,C,3.681287125800736e-05,0,0.21
1a14_N,153,H,0.0001004339574137,0,0.21
1a14_N,154,N,0.0011302232742309,0,0.21
1a14_N,155,G,0.0004797705623786,0,0.21
1a14_N,156,V,0.0001654278457863,0,0.21
1a14_N,157,C,1.1898395314347e-05,0,0.21
1a14_N,158,P,9.201708053296898e-06,0,0.21
1a14_N,159,V,1.68475708051119e-05,0,0.21
1a14_N,160,V,2.7589152523432855e-05,0,0.21
1a14_N,161,F,0.0005051018670201,0,0.21
1a14_N,162,T,0.0017198708374053,0,0.21
1a14_N,163,D,0.006361270789057,0,0.21
1a14_N,164,G,0.0321406945586204,0,0.21
1a14_N,165,S,0.1760525107383728,0,0.21
1a14_N,166,A,0.2746853232383728,1,0.21
1a14_N,167,T,0.1939580142498016,0,0.21
1a14_N,168,G,0.1298308372497558,0,0.21
1a14_N,169,P,0.1062428280711174,0,0.21
1a14_N,170,A,0.0526093132793903,0,0.21
1a14_N,171,E,0.0264985784888267,0,0.21
1a14_N,172,T,0.0045645018108189,0,0.21
1a14_N,173,R,0.0080656763166189,0,0.21
1a14_N,174,I,0.0016968845156952,0,0.21
1a14_N,175,Y,0.0029216879047453,0,0.21
1a14_N,176,Y,0.0027441747952252,0,0.21
1a14_N,177,F,0.0030198020394891,0,0.21
1a14_N,178,K,0.010332272388041,0,0.21
1a14_N,179,E,0.0144418384879827,0,0.21
1a14_N,180,G,0.0007416546577587,0,0.21
1a14_N,181,K,0.0043528056703507,0,0.21
1a14_N,182,I,0.0050137797370553,0,0.21
1a14_N,183,L,0.0112224966287612,0,0.21
1a14_N,184,K,0.0153902517631649,0,0.21
1a14_N,185,W,0.0415476746857166,0,0.21
1a14_N,186,E,0.0350430905818939,0,0.21
1a14_N,187,P,0.0711864307522773,0,0.21
1a14_N,188,L,0.0224173087626695,0,0.21
1a14_N,189,A,0.1056152731180191,0,0.21
1a14_N,190,G,0.0491172783076763,0,0.21
1a14_N,191,T,0.092456080019474,0,0.21
1a14_N,192,A,0.0138479331508278,0,0.21
1a14_N,193,K,0.0575551427900791,0,0.21
1a14_N,194,H,0.0153914643451571,0,0.21
1a14_N,195,I,0.0045595965348184,0,0.21
1a14_N,196,E,0.0219881944358348,0,0.21
1a14_N,197,E,0.0634484961628913,0,0.21
1a14_N,198,C,0.0006381520652212,0,0.21
1a14_N,199,S,0.0010216025402769,0,0.21
1a14_N,200,C,0.0001891104038804,0,0.21
1a14_N,201,Y,0.0002500572591088,0,0.21
1a14_N,202,G,0.000105123486719,0,0.21
1a14_N,203,E,0.0006052493699826,0,0.21
1a14_N,204,R,0.0044144410640001,0,0.21
1a14_N,205,A,0.0017768295947462,0,0.21
1a14_N,206,E,0.0022129998542368,0,0.21
1a14_N,207,I,0.0002393413597019,0,0.21
1a14_N,208,T,0.001455498044379,0,0.21
1a14_N,209,C,0.0004364140331745,0,0.21
1a14_N,210,T,0.0011110636405646,0,0.21
1a14_N,211,C,0.0012164406944066,0,0.21
1a14_N,212,R,0.0143293906003236,0,0.21
1a14_N,213,D,0.0061717904172837,0,0.21
1a14_N,214,N,0.086272232234478,0,0.21
1a14_N,215,W,0.0981620922684669,0,0.21
1a14_N,216,Q,0.0882915779948234,0,0.21
1a14_N,217,G,0.012844362296164,0,0.21
1a14_N,218,S,0.0114897480234503,0,0.21
1a14_N,219,N,0.0101908762007951,0,0.21
1a14_N,220,R,0.0066949944011867,0,0.21
1a14_N,221,P,0.0034682685509324,0,0.21
1a14_N,222,V,0.0014510750770568,0,0.21
1a14_N,223,I,0.0010345899499952,0,0.21
1a14_N,224,R,0.010412760078907,0,0.21
1a14_N,225,I,0.0024070732761174,0,0.21
1a14_N,226,D,0.0098547497764229,0,0.21
1a14_N,227,P,0.004040072672069,0,0.21
1a14_N,228,V,0.0292255170643329,0,0.21
1a14_N,229,A,0.0306025557219982,0,0.21
1a14_N,230,M,0.0082030026242136,0,0.21
1a14_N,231,T,0.0079177385196089,0,0.21
1a14_N,232,H,0.0031169711146503,0,0.21
1a14_N,233,T,0.0085633853450417,0,0.21
1a14_N,234,S,0.0029183491133153,0,0.21
1a14_N,235,Q,0.0036334793549031,0,0.21
1a14_N,236,Y,0.0005415112245827,0,0.21
1a14_N,237,I,0.0002851496101357,0,0.21
1a14_N,238,C,7.61282499297522e-05,0,0.21
1a14_N,239,S,7.668563193874434e-05,0,0.21
1a14_N,240,P,0.0010311641963198,0,0.21
1a14_N,241,V,0.0067178169265389,0,0.21
1a14_N,242,L,0.0088595943525433,0,0.21
1a14_N,243,T,0.0173135250806808,0,0.21
1a14_N,244,D,0.0884380415081977,0,0.21
1a14_N,245,N,0.1256763190031051,0,0.21
1a14_N,246,P,0.4181868731975555,1,0.21
1a14_N,247,R,0.4128050506114959,1,0.21
1a14_N,248,P,0.4331600666046142,1,0.21
1a14_N,249,N,0.665536105632782,1,0.21
1a14_N,250,D,0.7573850154876709,1,0.21
1a14_N,251,P,0.4076706171035766,1,0.21
1a14_N,252,T,0.5445972681045532,1,0.21
1a14_N,253,V,0.5745459794998169,1,0.21
1a14_N,254,G,0.040287297219038,0,0.21
1a14_N,255,K,0.177683025598526,0,0.21
1a14_N,256,C,0.3270736634731293,1,0.21
1a14_N,257,N,0.3344370424747467,1,0.21
1a14_N,258,D,0.3098355531692505,1,0.21
1a14_N,259,P,0.1466007828712463,0,0.21
1a14_N,260,Y,0.0801217705011367,0,0.21
1a14_N,261,P,0.1921100318431854,0,0.21
1a14_N,262,G,0.1740206480026245,0,0.21
1a14_N,263,N,0.173074185848236,0,0.21
1a14_N,264,N,0.2825201749801636,1,0.21
1a14_N,265,N,0.2303455024957656,1,0.21
1a14_N,266,N,0.3241901695728302,1,0.21
1a14_N,267,G,0.1113469004631042,0,0.21
1a14_N,268,V,0.1063782349228859,0,0.21
1a14_N,269,K,0.0550705976784229,0,0.21
1a14_N,270,G,0.0079577695578336,0,0.21
1a14_N,271,F,0.0039864387363195,0,0.21
1a14_N,272,S,0.0025674831122159,0,0.21
1a14_N,273,Y,0.0019837135914713,0,0.21
1a14_N,274,L,0.001458027632907,0,0.21
1a14_N,275,D,0.0054558296687901,0,0.21
1a14_N,276,G,0.0134047819301486,0,0.21
1a14_N,277,V,0.0104362973943352,0,0.21
1a14_N,278,N,0.0020449629519134,0,0.21
1a14_N,279,T,0.0009452826343476,0,0.21
1a14_N,280,W,0.0085553498938679,0,0.21
1a14_N,281,L,0.007544002495706,0,0.21
1a14_N,282,G,0.0198480580002069,0,0.21
1a14_N,283,R,0.2286394536495208,1,0.21
1a14_N,284,T,0.2515956461429596,1,0.21
1a14_N,285,I,0.4517791271209717,1,0.21
1a14_N,286,S,0.5952871441841125,1,0.21
1a14_N,287,I,0.8269490003585815,1,0.21
1a14_N,288,A,0.8214057683944702,1,0.21
1a14_N,289,S,0.8070890307426453,1,0.21
1a14_N,290,R,0.6349362134933472,1,0.21
1a14_N,291,S,0.4236517548561096,1,0.21
1a14_N,292,G,0.0537229925394058,0,0.21
1a14_N,293,Y,0.0105511909350752,0,0.21
1a14_N,294,E,0.0162000302225351,0,0.21
1a14_N,295,M,0.0048273550346493,0,0.21
1a14_N,296,L,0.0267066787928342,0,0.21
1a14_N,297,K,0.0278770010918378,0,0.21
1a14_N,298,V,0.0039100404828786,0,0.21
1a14_N,299,P,0.0124422870576381,0,0.21
1a14_N,300,N,0.0529820211231708,0,0.21
1a14_N,301,A,0.0145969744771718,0,0.21
1a14_N,302,L,0.1019769087433815,0,0.21
1a14_N,303,T,0.3533682823181152,1,0.21
1a14_N,304,D,0.2406747341156005,1,0.21
1a14_N,305,D,0.0690573155879974,0,0.21
1a14_N,306,K,0.1239601001143455,0,0.21
1a14_N,307,S,0.0079286871477961,0,0.21
1a14_N,308,K,0.0360593125224113,0,0.21
1a14_N,309,P,0.0451695546507835,0,0.21
1a14_N,310,T,0.0349139384925365,0,0.21
1a14_N,311,Q,0.0425609126687049,0,0.21
1a14_N,312,G,0.0781967639923095,0,0.21
1a14_N,313,Q,0.0166510343551635,0,0.21
1a14_N,314,T,0.1070127412676811,0,0.21
1a14_N,315,I,0.0092156371101737,0,0.21
1a14_N,316,V,0.0084044458344578,0,0.21
1a14_N,317,L,0.0943362265825271,0,0.21
1a14_N,318,N,0.2283955365419387,1,0.21
1a14_N,319,T,0.3905804753303528,1,0.21
1a14_N,320,D,0.2078386396169662,0,0.21
1a14_N,321,W,0.2828693091869354,1,0.21
1a14_N,322,S,0.0472255796194076,0,0.21
1a14_N,323,G,0.0825670138001442,0,0.21
1a14_N,324,Y,0.1705669164657592,0,0.21
1a14_N,325,S,0.0128431105986237,0,0.21
1a14_N,326,G,0.0064038792625069,0,0.21
1a14_N,327,S,0.0004985567647963,0,0.21
1a14_N,328,F,0.0011538980761542,0,0.21
1a14_N,329,M,0.0008748956024646,0,0.21
1a14_N,330,D,0.0018888255581259,0,0.21
1a14_N,331,Y,0.0006835007807239,0,0.21
1a14_N,332,W,0.0009733536280691,0,0.21
1a14_N,333,A,0.0012153363786637,0,0.21
1a14_N,334,E,0.002766586607322,0,0.21
1a14_N,335,G,0.0018209144473075,0,0.21
1a14_N,336,E,0.0071769086644053,0,0.21
1a14_N,337,C,0.0018472193041816,0,0.21
1a14_N,338,Y,0.0004903121152892,0,0.21
1a14_N,339,R,0.0036802168469876,0,0.21
1a14_N,340,A,0.0001752337120706,0,0.21
1a14_N,341,C,8.586175681557506e-05,0,0.21
1a14_N,342,F,0.00010945773829,0,0.21
1a14_N,343,Y,0.0003663928364403,0,0.21
1a14_N,344,V,0.0003563336504157,0,0.21
1a14_N,345,E,0.0163942109793424,0,0.21
1a14_N,346,L,0.0287047121673822,0,0.21
1a14_N,347,I,0.1721942871809005,0,0.21
1a14_N,348,R,0.0908204987645149,0,0.21
1a14_N,349,G,0.1232027038931846,0,0.21
1a14_N,350,R,0.5237119793891907,1,0.21
1a14_N,351,P,0.447274386882782,1,0.21
1a14_N,352,K,0.2458507865667343,1,0.21
1a14_N,353,E,0.232503205537796,1,0.21
1a14_N,354,D,0.2564754486083984,1,0.21
1a14_N,355,K,0.1642829626798629,0,0.21
1a14_N,356,V,0.0582767166197299,0,0.21
1a14_N,357,W,0.1062505692243576,0,0.21
1a14_N,358,W,0.0141087835654616,0,0.21
1a14_N,359,T,0.0127912294119596,0,0.21
1a14_N,360,S,0.000737412716262,0,0.21
1a14_N,361,N,0.0013970367144793,0,0.21
1a14_N,362,S,0.0004787616198882,0,0.21
1a14_N,363,I,0.0008764342055656,0,0.21
1a14_N,364,V,0.0007383680203929,0,0.21
1a14_N,365,S,0.0005479107494466,0,0.21
1a14_N,366,M,0.0050672818906605,0,0.21
1a14_N,367,C,0.0162607710808515,0,0.21
1a14_N,368,S,0.0147713907063007,0,0.21
1a14_N,369,S,0.0398057922720909,0,0.21
1a14_N,370,T,0.0545930601656436,0,0.21
1a14_N,371,E,0.0500364899635314,0,0.21
1a14_N,372,F,0.0196610782295465,0,0.21
1a14_N,373,L,0.0080342171713709,0,0.21
1a14_N,374,G,0.0135864242911338,0,0.21
1a14_N,375,Q,0.0218672584742307,0,0.21
1a14_N,376,W,0.0169067084789276,0,0.21
1a14_N,377,D,0.0162530839443206,0,0.21
1a14_N,378,W,0.0048139612190425,0,0.21
1a14_N,379,P,0.0044496129266917,0,0.21
1a14_N,380,D,0.0048493570648133,0,0.21
1a14_N,381,G,0.0112837851047515,0,0.21
1a14_N,382,A,0.0089217247441411,0,0.21
1a14_N,383,K,0.0299025401473045,0,0.21
1a14_N,384,I,0.040691714733839,0,0.21
1a14_N,385,E,0.1063211113214492,0,0.21
1a14_N,386,Y,0.1024563536047935,0,0.21
1a14_N,387,F,0.0238881241530179,0,0.21
1a14_N,388,L,0.0248503070324659,0,0.21
