7keo_D,1,M,0.019306976348161697,0,0.12
7keo_D,2,Q,0.02625494822859764,0,0.12
7keo_D,3,I,0.02972189523279667,0,0.12
7keo_D,4,F,0.03930037468671799,0,0.12
7keo_D,5,V,0.036771517246961594,0,0.12
7keo_D,6,K,0.04185570776462555,0,0.12
7keo_D,7,T,0.037559106945991516,0,0.12
7keo_D,8,L,0.037877801805734634,0,0.12
7keo_D,9,T,0.03492562845349312,0,0.12
7keo_D,10,G,0.036420583724975586,0,0.12
7keo_D,11,K,0.03313920646905899,0,0.12
7keo_D,12,T,0.03123573400080204,0,0.12
7keo_D,13,I,0.02690364420413971,0,0.12
7keo_D,14,T,0.030929697677493095,0,0.12
7keo_D,15,L,0.03179639205336571,0,0.12
7keo_D,16,E,0.045382142066955566,0,0.12
7keo_D,17,V,0.049728620797395706,0,0.12
7keo_D,18,E,0.07174425572156906,0,0.12
7keo_D,19,P,0.0771748498082161,0,0.12
7keo_D,20,S,0.0780123695731163,0,0.12
7keo_D,21,D,0.08878909796476364,0,0.12
7keo_D,22,T,0.09058643877506256,0,0.12
7keo_D,23,I,0.09888950735330582,0,0.12
7keo_D,24,E,0.10534528642892838,0,0.12
7keo_D,25,N,0.11451128870248795,0,0.12
7keo_D,26,V,0.14541418850421906,1,0.12
7keo_D,27,K,0.2027459442615509,1,0.12
7keo_D,28,A,0.2633342146873474,1,0.12
7keo_D,29,K,0.28993019461631775,1,0.12
7keo_D,30,I,0.3143465220928192,1,0.12
7keo_D,31,Q,0.32467401027679443,1,0.12
7keo_D,32,D,0.3515107333660126,1,0.12
7keo_D,33,K,0.37713006138801575,1,0.12
7keo_D,34,E,0.3954406678676605,1,0.12
7keo_D,35,G,0.39582937955856323,1,0.12
7keo_D,36,I,0.4313769042491913,1,0.12
7keo_D,37,P,0.4141751825809479,1,0.12
7keo_D,38,P,0.38961663842201233,1,0.12
7keo_D,39,D,0.33822938799858093,1,0.12
7keo_D,40,Q,0.4162399172782898,1,0.12
7keo_D,41,Q,0.4922875761985779,1,0.12
7keo_D,42,R,0.5207124352455139,1,0.12
7keo_D,43,L,0.5372250080108643,1,0.12
7keo_D,44,I,0.4701642096042633,1,0.12
7keo_D,45,F,0.39922571182250977,1,0.12
7keo_D,46,A,0.3061525821685791,1,0.12
7keo_D,47,G,0.23315906524658203,1,0.12
7keo_D,48,K,0.19225049018859863,1,0.12
7keo_D,49,Q,0.1747037172317505,1,0.12
7keo_D,50,L,0.1491946280002594,1,0.12
7keo_D,51,E,0.1318814903497696,1,0.12
7keo_D,52,D,0.10947191715240479,0,0.12
7keo_D,53,G,0.09684596955776215,0,0.12
7keo_D,54,R,0.10307257622480392,0,0.12
7keo_D,55,T,0.09135770052671432,0,0.12
7keo_D,56,L,0.0739319920539856,0,0.12
7keo_D,57,S,0.05732124298810959,0,0.12
7keo_D,58,D,0.03646048903465271,0,0.12
7keo_D,59,Y,0.025786014273762703,0,0.12
7keo_D,60,N,0.01885908469557762,0,0.12
7keo_D,61,I,0.014938641339540482,0,0.12
7keo_D,62,Q,0.011852421797811985,0,0.12
7keo_D,63,K,0.008655061945319176,0,0.12
7keo_D,64,E,0.011775639839470387,0,0.12
7keo_D,65,S,0.01198089960962534,0,0.12
7keo_D,66,T,0.01030123420059681,0,0.12
7keo_D,67,L,0.007876173593103886,0,0.12
7keo_D,68,H,0.008259019814431667,0,0.12
7keo_D,69,L,0.008165388368070126,0,0.12
7keo_D,70,V,0.007603260688483715,0,0.12
7keo_D,71,L,0.007445902097970247,0,0.12
7keo_D,72,R,0.010177143849432468,0,0.12
7keo_D,73,L,0.011950379237532616,0,0.12
7keo_D,74,R,0.014017906971275806,0,0.12
7keo_D,75,G,0.016922686249017715,0,0.12
7keo_D,76,G,0.022858362644910812,0,0.12
6pcu_D,1,S,0.07643773406744003,0,0.12
6pcu_D,2,I,0.06524202972650528,0,0.12
6pcu_D,3,L,0.06617777794599533,0,0.12
6pcu_D,4,D,0.06941584497690201,0,0.12
6pcu_D,5,G,0.07350105047225952,0,0.12
6pcu_D,6,P,0.0770111009478569,0,0.12
6pcu_D,7,Y,0.08018118888139725,0,0.12
6pcu_D,8,Q,0.07900053262710571,0,0.12
6pcu_D,9,P,0.07802870124578476,0,0.12
6pcu_D,10,T,0.07244788855314255,0,0.12
6pcu_D,11,T,0.0780063197016716,0,0.12
6pcu_D,12,F,0.11470436304807663,0,0.12
6pcu_D,13,K,0.1322309374809265,1,0.12
6pcu_D,14,P,0.15883874893188477,1,0.12
6pcu_D,15,P,0.19152949750423431,1,0.12
6pcu_D,16,N,0.2212432622909546,1,0.12
6pcu_D,17,D,0.23316489160060883,1,0.12
6pcu_D,18,Y,0.27055665850639343,1,0.12
6pcu_D,19,W,0.276764839887619,1,0.12
6pcu_D,20,L,0.2462119311094284,1,0.12
6pcu_D,21,L,0.22509078681468964,1,0.12
6pcu_D,22,I,0.19121022522449493,1,0.12
6pcu_D,23,S,0.16050845384597778,1,0.12
6pcu_D,24,S,0.14108562469482422,1,0.12
6pcu_D,25,N,0.12575660645961761,1,0.12
6pcu_D,26,T,0.10123718529939651,0,0.12
6pcu_D,27,D,0.09920649230480194,0,0.12
6pcu_D,28,G,0.09502963721752167,0,0.12
6pcu_D,29,V,0.09321361035108566,0,0.12
6pcu_D,30,V,0.09288594871759415,0,0.12
6pcu_D,31,Y,0.09984515607357025,0,0.12
6pcu_D,32,E,0.08882224559783936,0,0.12
6pcu_D,33,S,0.09318173676729202,0,0.12
6pcu_D,34,T,0.09078479558229446,0,0.12
6pcu_D,35,N,0.09155482798814774,0,0.12
6pcu_D,36,N,0.09258995950222015,0,0.12
6pcu_D,37,S,0.08820109069347382,0,0.12
6pcu_D,38,D,0.08868470042943954,0,0.12
6pcu_D,39,F,0.08834628760814667,0,0.12
6pcu_D,40,W,0.08937342464923859,0,0.12
6pcu_D,41,T,0.0825699120759964,0,0.12
6pcu_D,42,A,0.07817190140485764,0,0.12
6pcu_D,43,V,0.07493483275175095,0,0.12
6pcu_D,44,I,0.06439980864524841,0,0.12
6pcu_D,45,A,0.062261320650577545,0,0.12
6pcu_D,46,V,0.06319303810596466,0,0.12
6pcu_D,47,E,0.05938887968659401,0,0.12
6pcu_D,48,P,0.05916312709450722,0,0.12
6pcu_D,49,H,0.058473166078329086,0,0.12
6pcu_D,50,V,0.051917802542448044,0,0.12
6pcu_D,51,S,0.046019893139600754,0,0.12
6pcu_D,52,Q,0.04147963598370552,0,0.12
6pcu_D,53,T,0.04044092074036598,0,0.12
6pcu_D,54,N,0.040132492780685425,0,0.12
6pcu_D,55,R,0.04208208620548248,0,0.12
6pcu_D,56,Q,0.04633127525448799,0,0.12
6pcu_D,57,Y,0.058881890028715134,0,0.12
6pcu_D,58,V,0.06341227889060974,0,0.12
6pcu_D,59,L,0.06642938405275345,0,0.12
6pcu_D,60,F,0.06954316049814224,0,0.12
6pcu_D,61,G,0.07371659576892853,0,0.12
6pcu_D,62,E,0.08531292527914047,0,0.12
6pcu_D,63,N,0.09861579537391663,0,0.12
6pcu_D,64,K,0.10333067923784256,0,0.12
6pcu_D,65,Q,0.10804446041584015,0,0.12
6pcu_D,66,F,0.12591883540153503,1,0.12
6pcu_D,67,N,0.1311967819929123,1,0.12
6pcu_D,68,V,0.1327957957983017,1,0.12
6pcu_D,69,E,0.12281251698732376,1,0.12
6pcu_D,70,N,0.12326561659574509,1,0.12
6pcu_D,71,S,0.10930152982473373,0,0.12
6pcu_D,72,S,0.10675684362649918,0,0.12
6pcu_D,73,D,0.10877539962530136,0,0.12
6pcu_D,74,K,0.11039702594280243,0,0.12
6pcu_D,75,W,0.10569126158952713,0,0.12
6pcu_D,76,K,0.10208475589752197,0,0.12
6pcu_D,77,F,0.09083931893110275,0,0.12
6pcu_D,78,F,0.0824698880314827,0,0.12
6pcu_D,79,E,0.07791870832443237,0,0.12
6pcu_D,80,M,0.07399865984916687,0,0.12
6pcu_D,81,F,0.07561299949884415,0,0.12
6pcu_D,82,K,0.06997739523649216,0,0.12
6pcu_D,83,G,0.06595209985971451,0,0.12
6pcu_D,84,S,0.061074160039424896,0,0.12
6pcu_D,85,S,0.05829879641532898,0,0.12
6pcu_D,86,Q,0.053025297820568085,0,0.12
6pcu_D,87,S,0.05216367170214653,0,0.12
6pcu_D,88,D,0.05323139578104019,0,0.12
6pcu_D,89,F,0.048986516892910004,0,0.12
6pcu_D,90,S,0.049110040068626404,0,0.12
6pcu_D,91,N,0.04874342307448387,0,0.12
6pcu_D,92,R,0.04446997493505478,0,0.12
6pcu_D,93,R,0.043310947716236115,0,0.12
6pcu_D,94,T,0.03896765038371086,0,0.12
6pcu_D,95,L,0.03735673055052757,0,0.12
6pcu_D,96,T,0.036976832896471024,0,0.12
6pcu_D,97,S,0.03794972226023674,0,0.12
6pcu_D,98,N,0.03935719281435013,0,0.12
6pcu_D,99,N,0.037964992225170135,0,0.12
6pcu_D,100,R,0.03221271559596062,0,0.12
6pcu_D,101,L,0.028311746194958687,0,0.12
6pcu_D,102,V,0.031057611107826233,0,0.12
6pcu_D,103,G,0.03116149641573429,0,0.12
6pcu_D,104,M,0.02786874957382679,0,0.12
6pcu_D,105,L,0.029160548001527786,0,0.12
6pcu_D,106,K,0.027276793494820595,0,0.12
6pcu_D,107,Y,0.03599885106086731,0,0.12
6pcu_D,108,G,0.0354015938937664,0,0.12
6pcu_D,109,G,0.03627592697739601,0,0.12
6pcu_D,110,R,0.04049518331885338,0,0.12
6pcu_D,111,V,0.04135875403881073,0,0.12
6pcu_D,112,W,0.04297345131635666,0,0.12
6pcu_D,113,T,0.03652902692556381,0,0.12
6pcu_D,114,F,0.03541579470038414,0,0.12
6pcu_D,115,H,0.03214925527572632,0,0.12
6pcu_D,116,G,0.03764026612043381,0,0.12
6pcu_D,117,E,0.04007510468363762,0,0.12
6pcu_D,118,T,0.04303302988409996,0,0.12
6pcu_D,119,P,0.04163851588964462,0,0.12
6pcu_D,120,R,0.042391784489154816,0,0.12
6pcu_D,121,A,0.04525259882211685,0,0.12
6pcu_D,122,T,0.0495150163769722,0,0.12
6pcu_D,123,T,0.05317975580692291,0,0.12
6pcu_D,124,D,0.06278558820486069,0,0.12
6pcu_D,125,S,0.07069519907236099,0,0.12
6pcu_D,126,S,0.07372255623340607,0,0.12
6pcu_D,127,N,0.07378055900335312,0,0.12
6pcu_D,128,T,0.06674157083034515,0,0.12
6pcu_D,129,A,0.06517914682626724,0,0.12
6pcu_D,130,D,0.06332850456237793,0,0.12
6pcu_D,131,L,0.0632183775305748,0,0.12
6pcu_D,132,N,0.05912502855062485,0,0.12
6pcu_D,133,N,0.05351174995303154,0,0.12
6pcu_D,134,I,0.04597766697406769,0,0.12
6pcu_D,135,S,0.03846001252532005,0,0.12
6pcu_D,136,I,0.03751682490110397,0,0.12
6pcu_D,137,I,0.036340050399303436,0,0.12
6pcu_D,138,I,0.0342487096786499,0,0.12
6pcu_D,139,H,0.03235816955566406,0,0.12
6pcu_D,140,S,0.031523771584033966,0,0.12
6pcu_D,141,E,0.03218255192041397,0,0.12
6pcu_D,142,F,0.03623945266008377,0,0.12
6pcu_D,143,Y,0.032951340079307556,0,0.12
6pcu_D,144,I,0.029999976977705956,0,0.12
6pcu_D,145,I,0.024441150948405266,0,0.12
6pcu_D,146,P,0.02122398652136326,0,0.12
6pcu_D,147,R,0.019437944516539574,0,0.12
6pcu_D,148,S,0.017055043950676918,0,0.12
6pcu_D,149,Q,0.014898537658154964,0,0.12
6pcu_D,150,E,0.013826876878738403,0,0.12
6pcu_D,151,S,0.01669349893927574,0,0.12
6pcu_D,152,K,0.01790177822113037,0,0.12
6pcu_D,153,C,0.020417340099811554,0,0.12
6pcu_D,154,N,0.02119304984807968,0,0.12
6pcu_D,155,E,0.016399608924984932,0,0.12
6pcu_D,156,Y,0.015739230439066887,0,0.12
6pcu_D,157,I,0.013998320326209068,0,0.12
6pcu_D,158,N,0.01242738962173462,0,0.12
6pcu_D,159,N,0.011152440682053566,0,0.12
6pcu_D,160,G,0.010369805619120598,0,0.12
6pcu_D,161,L,0.021390356123447418,0,0.12
