7keo_D,1,M,0.0037386654876172543
7keo_D,2,Q,0.012749016284942627
7keo_D,3,I,0.0020843609236180782
7keo_D,4,F,0.08471707999706268
7keo_D,5,V,0.0813705176115036
7keo_D,6,K,0.8958770036697388
7keo_D,7,T,0.9852645993232727
7keo_D,8,L,0.9949054718017578
7keo_D,9,T,0.9799837470054626
7keo_D,10,G,0.9628599286079407
7keo_D,11,K,0.9391155242919922
7keo_D,12,T,0.7403697967529297
7keo_D,13,I,0.3654989004135132
7keo_D,14,T,0.0699378252029419
7keo_D,15,L,0.0020820917561650276
7keo_D,16,E,0.0005244988133199513
7keo_D,17,V,0.0001553635229356587
7keo_D,18,E,0.0016622735420241952
7keo_D,19,P,0.006692933384329081
7keo_D,20,S,0.15989094972610474
7keo_D,21,D,0.09521836042404175
7keo_D,22,T,0.09200622886419296
7keo_D,23,I,0.0003748533199541271
7keo_D,24,E,0.006351966876536608
7keo_D,25,N,0.0026030130684375763
7keo_D,26,V,0.0003020124859176576
7keo_D,27,K,0.0032120065297931433
7keo_D,28,A,0.0780719742178917
7keo_D,29,K,0.03358181193470955
7keo_D,30,I,0.02095961570739746
7keo_D,31,Q,0.5732430815696716
7keo_D,32,D,0.8999556303024292
7keo_D,33,K,0.9136175513267517
7keo_D,34,E,0.9209433794021606
7keo_D,35,G,0.9103670120239258
7keo_D,36,I,0.8952101469039917
7keo_D,37,P,0.8915742635726929
7keo_D,38,P,0.780672013759613
7keo_D,39,D,0.6873027682304382
7keo_D,40,Q,0.41426289081573486
7keo_D,41,Q,0.019402535632252693
7keo_D,42,R,0.020968640223145485
7keo_D,43,L,0.0015143053606152534
7keo_D,44,I,0.017629634588956833
7keo_D,45,F,0.002859624335542321
7keo_D,46,A,0.025233762338757515
7keo_D,47,G,0.0045221829786896706
7keo_D,48,K,0.002061894629150629
7keo_D,49,Q,0.0046912687830626965
7keo_D,50,L,0.004182160831987858
7keo_D,51,E,0.016963452100753784
7keo_D,52,D,0.02942413091659546
7keo_D,53,G,0.03519657626748085
7keo_D,54,R,0.014392119832336903
7keo_D,55,T,0.005510295741260052
7keo_D,56,L,0.000699383148457855
7keo_D,57,S,0.0047037024050951
7keo_D,58,D,0.005211552605032921
7keo_D,59,Y,0.0030515652615576982
7keo_D,60,N,0.01524486392736435
7keo_D,61,I,0.004766711499541998
7keo_D,62,Q,0.04042266309261322
7keo_D,63,K,0.019515279680490494
7keo_D,64,E,0.07374263554811478
7keo_D,65,S,0.05978306010365486
7keo_D,66,T,0.03213474154472351
7keo_D,67,L,0.013823834247887135
7keo_D,68,H,0.41281163692474365
7keo_D,69,L,0.18403360247612
7keo_D,70,V,0.5601300001144409
7keo_D,71,L,0.5768648982048035
7keo_D,72,R,0.7958587408065796
7keo_D,73,L,0.9257173538208008
7keo_D,74,R,0.8966123461723328
7keo_D,75,G,0.7223638296127319
7keo_D,76,G,0.6804295182228088
6pcu_D,1,S,0.04285205900669098
6pcu_D,2,I,0.024107886478304863
6pcu_D,3,L,0.04278694838285446
6pcu_D,4,D,0.11131739616394043
6pcu_D,5,G,0.4923502206802368
6pcu_D,6,P,0.5578170418739319
6pcu_D,7,Y,0.2622544765472412
6pcu_D,8,Q,0.7019469141960144
6pcu_D,9,P,0.4601481258869171
6pcu_D,10,T,0.6812598705291748
6pcu_D,11,T,0.8198956251144409
6pcu_D,12,F,0.6661877632141113
6pcu_D,13,K,0.8059481978416443
6pcu_D,14,P,0.3454402685165405
6pcu_D,15,P,0.4290101230144501
6pcu_D,16,N,0.33962658047676086
6pcu_D,17,D,0.345576673746109
6pcu_D,18,Y,0.2887224853038788
6pcu_D,19,W,0.19715870916843414
6pcu_D,20,L,0.018439924344420433
6pcu_D,21,L,0.004091178998351097
6pcu_D,22,I,0.0019411422545090318
6pcu_D,23,S,0.008539650589227676
6pcu_D,24,S,0.0002804977702908218
6pcu_D,25,N,0.008290736004710197
6pcu_D,26,T,0.012502416037023067
6pcu_D,27,D,0.04006247594952583
6pcu_D,28,G,0.0069570355117321014
6pcu_D,29,V,0.0041605643928050995
6pcu_D,30,V,0.0003499973681755364
6pcu_D,31,Y,0.0014054592465981841
6pcu_D,32,E,0.016099806874990463
6pcu_D,33,S,0.002164730802178383
6pcu_D,34,T,0.004083127714693546
6pcu_D,35,N,0.018598763272166252
6pcu_D,36,N,0.055996835231781006
6pcu_D,37,S,0.118149034678936
6pcu_D,38,D,0.03704090043902397
6pcu_D,39,F,0.004770633298903704
6pcu_D,40,W,0.040353938937187195
6pcu_D,41,T,0.0036161611787974834
6pcu_D,42,A,0.0002225266507593915
6pcu_D,43,V,0.00029898600769229233
6pcu_D,44,I,0.0003933149273507297
6pcu_D,45,A,0.00034723305725492537
6pcu_D,46,V,0.0008857516804710031
6pcu_D,47,E,0.011790970340371132
6pcu_D,48,P,0.08026638627052307
6pcu_D,49,H,0.854079008102417
6pcu_D,50,V,0.5114508271217346
6pcu_D,51,S,0.758019208908081
6pcu_D,52,Q,0.8155065178871155
6pcu_D,53,T,0.6224544048309326
6pcu_D,54,N,0.6377810835838318
6pcu_D,55,R,0.3067452907562256
6pcu_D,56,Q,0.4878509044647217
6pcu_D,57,Y,0.08731428533792496
6pcu_D,58,V,0.425088107585907
6pcu_D,59,L,0.019003449007868767
6pcu_D,60,F,0.18214605748653412
6pcu_D,61,G,0.6548076868057251
6pcu_D,62,E,0.6727839708328247
6pcu_D,63,N,0.7442785501480103
6pcu_D,64,K,0.5719509720802307
6pcu_D,65,Q,0.746898353099823
6pcu_D,66,F,0.2474040389060974
6pcu_D,67,N,0.41501933336257935
6pcu_D,68,V,0.0204484686255455
6pcu_D,69,E,0.15256820619106293
6pcu_D,70,N,0.013006611727178097
6pcu_D,71,S,0.3260100185871124
6pcu_D,72,S,0.16688495874404907
6pcu_D,73,D,0.3006304204463959
6pcu_D,74,K,0.13027767837047577
6pcu_D,75,W,0.07961368560791016
6pcu_D,76,K,0.1961394101381302
6pcu_D,77,F,0.03985336050391197
6pcu_D,78,F,0.10086601972579956
6pcu_D,79,E,0.05554535984992981
6pcu_D,80,M,0.06700576841831207
6pcu_D,81,F,0.19937525689601898
6pcu_D,82,K,0.10208326578140259
6pcu_D,83,G,0.475422203540802
6pcu_D,84,S,0.1502785086631775
6pcu_D,85,S,0.23050454258918762
6pcu_D,86,Q,0.43986308574676514
6pcu_D,87,S,0.32495465874671936
6pcu_D,88,D,0.47561413049697876
6pcu_D,89,F,0.5415310263633728
6pcu_D,90,S,0.721707820892334
6pcu_D,91,N,0.73869389295578
6pcu_D,92,R,0.7128453254699707
6pcu_D,93,R,0.558393120765686
6pcu_D,94,T,0.30354294180870056
6pcu_D,95,L,0.00997560378164053
6pcu_D,96,T,0.023975839838385582
6pcu_D,97,S,0.0011796806938946247
6pcu_D,98,N,0.00947653315961361
6pcu_D,99,N,0.0022043052595108747
6pcu_D,100,R,0.0014660325832664967
6pcu_D,101,L,0.00017192625091411173
6pcu_D,102,V,1.3601983482658397e-05
6pcu_D,103,G,3.9636888686800376e-05
6pcu_D,104,M,0.0002285269438289106
6pcu_D,105,L,0.000667171087116003
6pcu_D,106,K,0.0009407833567820489
6pcu_D,107,Y,0.04640644043684006
6pcu_D,108,G,0.06889121234416962
6pcu_D,109,G,0.012402063235640526
6pcu_D,110,R,0.02606978267431259
6pcu_D,111,V,0.002423870610073209
6pcu_D,112,W,0.07893949002027512
6pcu_D,113,T,0.008924798108637333
6pcu_D,114,F,0.00654973741620779
6pcu_D,115,H,0.04845466464757919
6pcu_D,116,G,0.007191040553152561
6pcu_D,117,E,0.06948129832744598
6pcu_D,118,T,0.013174107298254967
6pcu_D,119,P,0.02798989787697792
6pcu_D,120,R,0.0298676248639822
6pcu_D,121,A,0.001188556314446032
6pcu_D,122,T,0.01495400257408619
6pcu_D,123,T,0.008414930664002895
6pcu_D,124,D,0.10368108004331589
6pcu_D,125,S,0.09517044574022293
6pcu_D,126,S,0.07633326202630997
6pcu_D,127,N,0.10256152600049973
6pcu_D,128,T,0.007170276716351509
6pcu_D,129,A,0.03914608806371689
6pcu_D,130,D,0.006527450866997242
6pcu_D,131,L,0.0015847454778850079
6pcu_D,132,N,0.011224119924008846
6pcu_D,133,N,0.007183074951171875
6pcu_D,134,I,0.001586725004017353
6pcu_D,135,S,0.001502267667092383
6pcu_D,136,I,0.0002787069242913276
6pcu_D,137,I,0.006730846129357815
6pcu_D,138,I,0.0006033237441442907
6pcu_D,139,H,0.0016130689764395356
6pcu_D,140,S,0.0004341141611803323
6pcu_D,141,E,0.005722959525883198
6pcu_D,142,F,0.0025382409803569317
6pcu_D,143,Y,0.00332960719242692
6pcu_D,144,I,0.014813578687608242
6pcu_D,145,I,0.007898240350186825
6pcu_D,146,P,0.06965528428554535
6pcu_D,147,R,0.6060653924942017
6pcu_D,148,S,0.7161238789558411
6pcu_D,149,Q,0.7840282320976257
6pcu_D,150,E,0.841759204864502
6pcu_D,151,S,0.7440779805183411
6pcu_D,152,K,0.3543764352798462
6pcu_D,153,C,0.024908995255827904
6pcu_D,154,N,0.29190218448638916
6pcu_D,155,E,0.1564038097858429
6pcu_D,156,Y,0.01545356772840023
6pcu_D,157,I,0.0029554455541074276
6pcu_D,158,N,0.010153546929359436
6pcu_D,159,N,0.04543391987681389
6pcu_D,160,G,0.010611065663397312
6pcu_D,161,L,0.024609768763184547
