1A14_N,1,R,0.006049207877367735,0,0.21
1A14_N,2,D,0.004738884977996349,0,0.21
1A14_N,3,F,0.008896882645785809,0,0.21
1A14_N,4,N,0.0018609486287459731,0,0.21
1A14_N,5,N,0.002690960420295596,0,0.21
1A14_N,6,L,0.00028214434860274196,0,0.21
1A14_N,7,T,0.002201213501393795,0,0.21
1A14_N,8,K,0.0018726767739281058,0,0.21
1A14_N,9,G,0.0016202827682718635,0,0.21
1A14_N,10,L,0.00048302189679816365,0,0.21
1A14_N,11,C,0.0017208943609148264,0,0.21
1A14_N,12,T,0.016349855810403824,0,0.21
1A14_N,13,I,0.002951408736407757,0,0.21
1A14_N,14,N,0.0077778673730790615,0,0.21
1A14_N,15,S,0.006381910759955645,0,0.21
1A14_N,16,W,0.005164449568837881,0,0.21
1A14_N,17,H,0.004697183612734079,0,0.21
1A14_N,18,I,0.004588677082210779,0,0.21
1A14_N,19,Y,0.004395572002977133,0,0.21
1A14_N,20,G,0.0012028338387608528,0,0.21
1A14_N,21,K,0.012584961019456387,0,0.21
1A14_N,22,D,0.007039652206003666,0,0.21
1A14_N,23,N,0.03524944186210632,0,0.21
1A14_N,24,A,0.0035023316740989685,0,0.21
1A14_N,25,V,0.007960021495819092,0,0.21
1A14_N,26,R,0.08733820170164108,0,0.21
1A14_N,27,I,0.07107776403427124,0,0.21
1A14_N,28,G,0.004406922031193972,0,0.21
1A14_N,29,E,0.03086928464472294,0,0.21
1A14_N,30,D,0.06292206048965454,0,0.21
1A14_N,31,S,0.023784728720784187,0,0.21
1A14_N,32,D,0.02495637722313404,0,0.21
1A14_N,33,V,0.014072866179049015,0,0.21
1A14_N,34,L,0.015216956846415997,0,0.21
1A14_N,35,V,0.00910585094243288,0,0.21
1A14_N,36,T,0.007555249147117138,0,0.21
1A14_N,37,R,0.02489049918949604,0,0.21
1A14_N,38,E,0.08001416176557541,0,0.21
1A14_N,39,P,0.004610740579664707,0,0.21
1A14_N,40,Y,0.007032583002001047,0,0.21
1A14_N,41,V,0.0018494821852073073,0,0.21
1A14_N,42,S,0.00044947414426133037,0,0.21
1A14_N,43,C,0.00028732980717904866,0,0.21
1A14_N,44,D,0.005294074770063162,0,0.21
1A14_N,45,P,0.0031024666968733072,0,0.21
1A14_N,46,D,0.0035020471550524235,0,0.21
1A14_N,47,E,0.0025265600997954607,0,0.21
1A14_N,48,C,0.006006356794387102,0,0.21
1A14_N,49,R,0.00872774701565504,0,0.21
1A14_N,50,F,0.0010051026474684477,0,0.21
1A14_N,51,Y,0.0004967201384715736,0,0.21
1A14_N,52,A,0.0009990623220801353,0,0.21
1A14_N,53,L,0.006126789841800928,0,0.21
1A14_N,54,S,0.0063908700831234455,0,0.21
1A14_N,55,Q,0.015182837843894958,0,0.21
1A14_N,56,G,0.01307863648980856,0,0.21
1A14_N,57,T,0.005050948821008205,0,0.21
1A14_N,58,T,0.021320592612028122,0,0.21
1A14_N,59,I,0.006081083323806524,0,0.21
1A14_N,60,R,0.020679496228694916,0,0.21
1A14_N,61,G,0.011494802311062813,0,0.21
1A14_N,62,K,0.013236678205430508,0,0.21
1A14_N,63,H,0.01523036602884531,0,0.21
1A14_N,64,S,0.0035868510603904724,0,0.21
1A14_N,65,N,0.025166286155581474,0,0.21
1A14_N,66,G,0.01854904368519783,0,0.21
1A14_N,67,T,0.005828347057104111,0,0.21
1A14_N,68,I,0.1314397156238556,0,0.21
1A14_N,69,H,0.11866745352745056,0,0.21
1A14_N,70,D,0.17357215285301208,0,0.21
1A14_N,71,R,0.1401975154876709,0,0.21
1A14_N,72,S,0.05541415512561798,0,0.21
1A14_N,73,Q,0.04038723185658455,0,0.21
1A14_N,74,Y,0.03125786408782005,0,0.21
1A14_N,75,R,0.014210691675543785,0,0.21
1A14_N,76,A,0.026996415108442307,0,0.21
1A14_N,77,L,0.001955339452251792,0,0.21
1A14_N,78,I,0.001960465917363763,0,0.21
1A14_N,79,S,0.005123515147715807,0,0.21
1A14_N,80,W,0.00276591582223773,0,0.21
1A14_N,81,P,0.0441741906106472,0,0.21
1A14_N,82,L,0.05240752920508385,0,0.21
1A14_N,83,S,0.07161514461040497,0,0.21
1A14_N,84,S,0.07880104333162308,0,0.21
1A14_N,85,P,0.04017271101474762,0,0.21
1A14_N,86,P,0.009165581315755844,0,0.21
1A14_N,87,T,0.049099452793598175,0,0.21
1A14_N,88,V,0.06555713713169098,0,0.21
1A14_N,89,Y,0.06642525643110275,0,0.21
1A14_N,90,N,0.017851898446679115,0,0.21
1A14_N,91,S,0.011489839293062687,0,0.21
1A14_N,92,R,0.03159375116229057,0,0.21
1A14_N,93,V,0.037102606147527695,0,0.21
1A14_N,94,E,0.00997252482920885,0,0.21
1A14_N,95,C,0.004446766339242458,0,0.21
1A14_N,96,I,0.03557158261537552,0,0.21
1A14_N,97,G,0.008219397626817226,0,0.21
1A14_N,98,W,0.1336297243833542,0,0.21
1A14_N,99,S,0.14414255321025848,0,0.21
1A14_N,100,S,0.0331963486969471,0,0.21
1A14_N,101,T,0.018806947395205498,0,0.21
1A14_N,102,S,0.020124368369579315,0,0.21
1A14_N,103,C,0.00444951793178916,0,0.21
1A14_N,104,H,0.011853835545480251,0,0.21
1A14_N,105,D,0.002606634283438325,0,0.21
1A14_N,106,G,0.0015673036687076092,0,0.21
1A14_N,107,K,0.012243247590959072,0,0.21
1A14_N,108,T,0.0014428865397349,0,0.21
1A14_N,109,R,0.0009948498336598277,0,0.21
1A14_N,110,M,0.00023441234952770174,0,0.21
1A14_N,111,S,0.00035724605550058186,0,0.21
1A14_N,112,I,0.00015529568190686405,0,0.21
1A14_N,113,C,0.0005822958773933351,0,0.21
1A14_N,114,I,0.0017955047078430653,0,0.21
1A14_N,115,S,0.023056933656334877,0,0.21
1A14_N,116,G,0.010722904466092587,0,0.21
1A14_N,117,P,0.03554556518793106,0,0.21
1A14_N,118,N,0.034051623195409775,0,0.21
1A14_N,119,N,0.03026416525244713,0,0.21
1A14_N,120,N,0.009914751164615154,0,0.21
1A14_N,121,A,0.016448792070150375,0,0.21
1A14_N,122,S,0.009306183084845543,0,0.21
1A14_N,123,A,0.0031028471421450377,0,0.21
1A14_N,124,V,0.003710237331688404,0,0.21
1A14_N,125,I,0.002230054931715131,0,0.21
1A14_N,126,W,0.008723309263586998,0,0.21
1A14_N,127,Y,0.005592602305114269,0,0.21
1A14_N,128,N,0.006732669658958912,0,0.21
1A14_N,129,R,0.013968465849757195,0,0.21
1A14_N,130,R,0.013586929999291897,0,0.21
1A14_N,131,P,0.015214940533041954,0,0.21
1A14_N,132,V,0.015893833711743355,0,0.21
1A14_N,133,T,0.006223698612302542,0,0.21
1A14_N,134,E,0.008647500537335873,0,0.21
1A14_N,135,I,0.003386114025488496,0,0.21
1A14_N,136,N,0.007127244025468826,0,0.21
1A14_N,137,T,0.007057881448417902,0,0.21
1A14_N,138,W,0.025369927287101746,0,0.21
1A14_N,139,A,0.05779256299138069,0,0.21
1A14_N,140,R,0.14691351354122162,0,0.21
1A14_N,141,N,0.20403032004833221,0,0.21
1A14_N,142,I,0.20208604633808136,0,0.21
1A14_N,143,L,0.0054248021915555,0,0.21
1A14_N,144,R,0.014875195920467377,0,0.21
1A14_N,145,T,0.0009157289168797433,0,0.21
1A14_N,146,Q,0.0007407788070850074,0,0.21
1A14_N,147,E,0.002134596463292837,0,0.21
1A14_N,148,S,0.00023878246429376304,0,0.21
1A14_N,149,E,0.00015123203047551215,0,0.21
1A14_N,150,C,3.672443926916458e-05,0,0.21
1A14_N,151,V,7.867828389862552e-05,0,0.21
1A14_N,152,C,3.681287125800736e-05,0,0.21
1A14_N,153,H,0.00010043395741377026,0,0.21
1A14_N,154,N,0.001130223274230957,0,0.21
1A14_N,155,G,0.00047977056237868965,0,0.21
1A14_N,156,V,0.00016542784578632563,0,0.21
1A14_N,157,C,1.1898395314346999e-05,0,0.21
1A14_N,158,P,9.201708053296898e-06,0,0.21
1A14_N,159,V,1.68475708051119e-05,0,0.21
1A14_N,160,V,2.7589152523432858e-05,0,0.21
1A14_N,161,F,0.0005051018670201302,0,0.21
1A14_N,162,T,0.001719870837405324,0,0.21
1A14_N,163,D,0.006361270789057016,0,0.21
1A14_N,164,G,0.03214069455862045,0,0.21
1A14_N,165,S,0.1760525107383728,0,0.21
1A14_N,166,A,0.2746853232383728,1,0.21
1A14_N,167,T,0.19395801424980164,0,0.21
1A14_N,168,G,0.12983083724975586,0,0.21
1A14_N,169,P,0.1062428280711174,0,0.21
1A14_N,170,A,0.052609313279390335,0,0.21
1A14_N,171,E,0.02649857848882675,0,0.21
1A14_N,172,T,0.004564501810818911,0,0.21
1A14_N,173,R,0.00806567631661892,0,0.21
1A14_N,174,I,0.0016968845156952739,0,0.21
1A14_N,175,Y,0.0029216879047453403,0,0.21
1A14_N,176,Y,0.0027441747952252626,0,0.21
1A14_N,177,F,0.00301980203948915,0,0.21
1A14_N,178,K,0.01033227238804102,0,0.21
1A14_N,179,E,0.01444183848798275,0,0.21
1A14_N,180,G,0.0007416546577587724,0,0.21
1A14_N,181,K,0.00435280567035079,0,0.21
1A14_N,182,I,0.005013779737055302,0,0.21
1A14_N,183,L,0.011222496628761292,0,0.21
1A14_N,184,K,0.015390251763164997,0,0.21
1A14_N,185,W,0.04154767468571663,0,0.21
1A14_N,186,E,0.03504309058189392,0,0.21
1A14_N,187,P,0.07118643075227737,0,0.21
1A14_N,188,L,0.022417308762669563,0,0.21
1A14_N,189,A,0.1056152731180191,0,0.21
1A14_N,190,G,0.049117278307676315,0,0.21
1A14_N,191,T,0.09245608001947403,0,0.21
1A14_N,192,A,0.013847933150827885,0,0.21
1A14_N,193,K,0.05755514279007912,0,0.21
1A14_N,194,H,0.015391464345157146,0,0.21
1A14_N,195,I,0.004559596534818411,0,0.21
1A14_N,196,E,0.021988194435834885,0,0.21
1A14_N,197,E,0.06344849616289139,0,0.21
1A14_N,198,C,0.0006381520652212203,0,0.21
1A14_N,199,S,0.0010216025402769446,0,0.21
1A14_N,200,C,0.00018911040388047695,0,0.21
1A14_N,201,Y,0.0002500572591088712,0,0.21
1A14_N,202,G,0.00010512348671909422,0,0.21
1A14_N,203,E,0.00060524936998263,0,0.21
1A14_N,204,R,0.00441444106400013,0,0.21
1A14_N,205,A,0.001776829594746232,0,0.21
1A14_N,206,E,0.002212999854236841,0,0.21
1A14_N,207,I,0.00023934135970193893,0,0.21
1A14_N,208,T,0.0014554980443790555,0,0.21
1A14_N,209,C,0.00043641403317451477,0,0.21
1A14_N,210,T,0.00111106364056468,0,0.21
1A14_N,211,C,0.0012164406944066286,0,0.21
1A14_N,212,R,0.014329390600323677,0,0.21
1A14_N,213,D,0.006171790417283773,0,0.21
1A14_N,214,N,0.086272232234478,0,0.21
1A14_N,215,W,0.09816209226846695,0,0.21
1A14_N,216,Q,0.08829157799482346,0,0.21
1A14_N,217,G,0.012844362296164036,0,0.21
1A14_N,218,S,0.011489748023450375,0,0.21
1A14_N,219,N,0.010190876200795174,0,0.21
1A14_N,220,R,0.006694994401186705,0,0.21
1A14_N,221,P,0.0034682685509324074,0,0.21
1A14_N,222,V,0.0014510750770568848,0,0.21
1A14_N,223,I,0.0010345899499952793,0,0.21
1A14_N,224,R,0.010412760078907013,0,0.21
1A14_N,225,I,0.002407073276117444,0,0.21
1A14_N,226,D,0.009854749776422977,0,0.21
1A14_N,227,P,0.004040072672069073,0,0.21
1A14_N,228,V,0.029225517064332962,0,0.21
1A14_N,229,A,0.030602555721998215,0,0.21
1A14_N,230,M,0.008203002624213696,0,0.21
1A14_N,231,T,0.007917738519608974,0,0.21
1A14_N,232,H,0.0031169711146503687,0,0.21
1A14_N,233,T,0.008563385345041752,0,0.21
1A14_N,234,S,0.002918349113315344,0,0.21
1A14_N,235,Q,0.003633479354903102,0,0.21
1A14_N,236,Y,0.0005415112245827913,0,0.21
1A14_N,237,I,0.0002851496101357043,0,0.21
1A14_N,238,C,7.61282499297522e-05,0,0.21
1A14_N,239,S,7.668563193874434e-05,0,0.21
1A14_N,240,P,0.001031164196319878,0,0.21
1A14_N,241,V,0.006717816926538944,0,0.21
1A14_N,242,L,0.008859594352543354,0,0.21
1A14_N,243,T,0.017313525080680847,0,0.21
1A14_N,244,D,0.08843804150819778,0,0.21
1A14_N,245,N,0.12567631900310516,0,0.21
1A14_N,246,P,0.41818687319755554,1,0.21
1A14_N,247,R,0.41280505061149597,1,0.21
1A14_N,248,P,0.43316006660461426,1,0.21
1A14_N,249,N,0.665536105632782,1,0.21
1A14_N,250,D,0.7573850154876709,1,0.21
1A14_N,251,P,0.40767061710357666,1,0.21
1A14_N,252,T,0.5445972681045532,1,0.21
1A14_N,253,V,0.5745459794998169,1,0.21
1A14_N,254,G,0.04028729721903801,0,0.21
1A14_N,255,K,0.177683025598526,0,0.21
1A14_N,256,C,0.3270736634731293,1,0.21
1A14_N,257,N,0.3344370424747467,1,0.21
1A14_N,258,D,0.3098355531692505,1,0.21
1A14_N,259,P,0.14660078287124634,0,0.21
1A14_N,260,Y,0.08012177050113678,0,0.21
1A14_N,261,P,0.19211003184318542,0,0.21
1A14_N,262,G,0.1740206480026245,0,0.21
1A14_N,263,N,0.17307418584823608,0,0.21
1A14_N,264,N,0.2825201749801636,1,0.21
1A14_N,265,N,0.23034550249576569,1,0.21
1A14_N,266,N,0.3241901695728302,1,0.21
1A14_N,267,G,0.11134690046310425,0,0.21
1A14_N,268,V,0.1063782349228859,0,0.21
1A14_N,269,K,0.05507059767842293,0,0.21
1A14_N,270,G,0.007957769557833672,0,0.21
1A14_N,271,F,0.003986438736319542,0,0.21
1A14_N,272,S,0.002567483112215996,0,0.21
1A14_N,273,Y,0.0019837135914713144,0,0.21
1A14_N,274,L,0.001458027632907033,0,0.21
1A14_N,275,D,0.005455829668790102,0,0.21
1A14_N,276,G,0.013404781930148602,0,0.21
1A14_N,277,V,0.01043629739433527,0,0.21
1A14_N,278,N,0.002044962951913476,0,0.21
1A14_N,279,T,0.0009452826343476772,0,0.21
1A14_N,280,W,0.00855534989386797,0,0.21
1A14_N,281,L,0.007544002495706081,0,0.21
1A14_N,282,G,0.019848058000206947,0,0.21
1A14_N,283,R,0.22863945364952087,1,0.21
1A14_N,284,T,0.2515956461429596,1,0.21
1A14_N,285,I,0.4517791271209717,1,0.21
1A14_N,286,S,0.5952871441841125,1,0.21
1A14_N,287,I,0.8269490003585815,1,0.21
1A14_N,288,A,0.8214057683944702,1,0.21
1A14_N,289,S,0.8070890307426453,1,0.21
1A14_N,290,R,0.6349362134933472,1,0.21
1A14_N,291,S,0.4236517548561096,1,0.21
1A14_N,292,G,0.05372299253940582,0,0.21
1A14_N,293,Y,0.010551190935075283,0,0.21
1A14_N,294,E,0.016200030222535133,0,0.21
1A14_N,295,M,0.004827355034649372,0,0.21
1A14_N,296,L,0.026706678792834282,0,0.21
1A14_N,297,K,0.027877001091837883,0,0.21
1A14_N,298,V,0.003910040482878685,0,0.21
1A14_N,299,P,0.012442287057638168,0,0.21
1A14_N,300,N,0.05298202112317085,0,0.21
1A14_N,301,A,0.014596974477171898,0,0.21
1A14_N,302,L,0.1019769087433815,0,0.21
1A14_N,303,T,0.35336828231811523,1,0.21
1A14_N,304,D,0.24067473411560059,1,0.21
1A14_N,305,D,0.06905731558799744,0,0.21
1A14_N,306,K,0.12396010011434555,0,0.21
1A14_N,307,S,0.007928687147796154,0,0.21
1A14_N,308,K,0.036059312522411346,0,0.21
1A14_N,309,P,0.04516955465078354,0,0.21
1A14_N,310,T,0.034913938492536545,0,0.21
1A14_N,311,Q,0.04256091266870499,0,0.21
1A14_N,312,G,0.07819676399230957,0,0.21
1A14_N,313,Q,0.016651034355163574,0,0.21
1A14_N,314,T,0.10701274126768112,0,0.21
1A14_N,315,I,0.009215637110173702,0,0.21
1A14_N,316,V,0.008404445834457874,0,0.21
1A14_N,317,L,0.09433622658252716,0,0.21
1A14_N,318,N,0.22839553654193878,1,0.21
1A14_N,319,T,0.3905804753303528,1,0.21
1A14_N,320,D,0.20783863961696625,0,0.21
1A14_N,321,W,0.2828693091869354,1,0.21
1A14_N,322,S,0.047225579619407654,0,0.21
1A14_N,323,G,0.0825670138001442,0,0.21
1A14_N,324,Y,0.17056691646575928,0,0.21
1A14_N,325,S,0.012843110598623753,0,0.21
1A14_N,326,G,0.006403879262506962,0,0.21
1A14_N,327,S,0.0004985567647963762,0,0.21
1A14_N,328,F,0.0011538980761542916,0,0.21
1A14_N,329,M,0.0008748956024646759,0,0.21
1A14_N,330,D,0.0018888255581259727,0,0.21
1A14_N,331,Y,0.000683500780723989,0,0.21
1A14_N,332,W,0.0009733536280691624,0,0.21
1A14_N,333,A,0.0012153363786637783,0,0.21
1A14_N,334,E,0.002766586607322097,0,0.21
1A14_N,335,G,0.0018209144473075867,0,0.21
1A14_N,336,E,0.007176908664405346,0,0.21
1A14_N,337,C,0.0018472193041816354,0,0.21
1A14_N,338,Y,0.0004903121152892709,0,0.21
1A14_N,339,R,0.003680216846987605,0,0.21
1A14_N,340,A,0.00017523371207062155,0,0.21
1A14_N,341,C,8.586175681557506e-05,0,0.21
1A14_N,342,F,0.00010945773829007521,0,0.21
1A14_N,343,Y,0.0003663928364403546,0,0.21
1A14_N,344,V,0.00035633365041576326,0,0.21
1A14_N,345,E,0.01639421097934246,0,0.21
1A14_N,346,L,0.02870471216738224,0,0.21
1A14_N,347,I,0.17219428718090057,0,0.21
1A14_N,348,R,0.09082049876451492,0,0.21
1A14_N,349,G,0.12320270389318466,0,0.21
1A14_N,350,R,0.5237119793891907,1,0.21
1A14_N,351,P,0.447274386882782,1,0.21
1A14_N,352,K,0.24585078656673431,1,0.21
1A14_N,353,E,0.23250320553779602,1,0.21
1A14_N,354,D,0.25647544860839844,1,0.21
1A14_N,355,K,0.16428296267986298,0,0.21
1A14_N,356,V,0.058276716619729996,0,0.21
1A14_N,357,W,0.1062505692243576,0,0.21
1A14_N,358,W,0.014108783565461636,0,0.21
1A14_N,359,T,0.012791229411959648,0,0.21
1A14_N,360,S,0.0007374127162620425,0,0.21
1A14_N,361,N,0.0013970367144793272,0,0.21
1A14_N,362,S,0.00047876161988824606,0,0.21
1A14_N,363,I,0.0008764342055656016,0,0.21
1A14_N,364,V,0.0007383680203929543,0,0.21
1A14_N,365,S,0.0005479107494466007,0,0.21
1A14_N,366,M,0.005067281890660524,0,0.21
1A14_N,367,C,0.016260771080851555,0,0.21
1A14_N,368,S,0.014771390706300735,0,0.21
1A14_N,369,S,0.03980579227209091,0,0.21
1A14_N,370,T,0.05459306016564369,0,0.21
1A14_N,371,E,0.050036489963531494,0,0.21
1A14_N,372,F,0.019661078229546547,0,0.21
1A14_N,373,L,0.008034217171370983,0,0.21
1A14_N,374,G,0.01358642429113388,0,0.21
1A14_N,375,Q,0.021867258474230766,0,0.21
1A14_N,376,W,0.016906708478927612,0,0.21
1A14_N,377,D,0.01625308394432068,0,0.21
1A14_N,378,W,0.00481396121904254,0,0.21
1A14_N,379,P,0.0044496129266917706,0,0.21
1A14_N,380,D,0.0048493570648133755,0,0.21
1A14_N,381,G,0.011283785104751587,0,0.21
1A14_N,382,A,0.008921724744141102,0,0.21
1A14_N,383,K,0.029902540147304535,0,0.21
1A14_N,384,I,0.040691714733839035,0,0.21
1A14_N,385,E,0.10632111132144928,0,0.21
1A14_N,386,Y,0.10245635360479355,0,0.21
1A14_N,387,F,0.023888124153017998,0,0.21
1A14_N,388,L,0.024850307032465935,0,0.21
