7keo_D,1,M,0.0032866173423826694,0,0.1
7keo_D,2,Q,0.002584479982033372,0,0.1
7keo_D,3,I,0.002481505973264575,0,0.1
7keo_D,4,F,0.0017027719877660275,0,0.1
7keo_D,5,V,0.00217231223359704,0,0.1
7keo_D,6,K,0.0023517098743468523,0,0.1
7keo_D,7,T,0.0027435095980763435,0,0.1
7keo_D,8,L,0.002393078524619341,0,0.1
7keo_D,9,T,0.00404759868979454,0,0.1
7keo_D,10,G,0.004063609521836042,0,0.1
7keo_D,11,K,0.006295433267951012,0,0.1
7keo_D,12,T,0.005348707549273968,0,0.1
7keo_D,13,I,0.00677888561040163,0,0.1
7keo_D,14,T,0.006680799648165703,0,0.1
7keo_D,15,L,0.007974919863045216,0,0.1
7keo_D,16,E,0.007031088229268789,0,0.1
7keo_D,17,V,0.010133720934391022,0,0.1
7keo_D,18,E,0.013385113328695297,0,0.1
7keo_D,19,P,0.017607243731617928,0,0.1
7keo_D,20,S,0.020293641835451126,0,0.1
7keo_D,21,D,0.032014790922403336,0,0.1
7keo_D,22,T,0.04629205912351608,0,0.1
7keo_D,23,I,0.06648985296487808,0,0.1
7keo_D,24,E,0.0914602279663086,0,0.1
7keo_D,25,N,0.12783607840538025,1,0.1
7keo_D,26,V,0.14619876444339752,1,0.1
7keo_D,27,K,0.15875893831253052,1,0.1
7keo_D,28,A,0.1612892597913742,1,0.1
7keo_D,29,K,0.1699896603822708,1,0.1
7keo_D,30,I,0.20163287222385406,1,0.1
7keo_D,31,Q,0.2682338058948517,1,0.1
7keo_D,32,D,0.38313019275665283,1,0.1
7keo_D,33,K,0.6188099384307861,1,0.1
7keo_D,34,E,0.7190929651260376,1,0.1
7keo_D,35,G,0.8032116293907166,1,0.1
7keo_D,36,I,0.8364311456680298,1,0.1
7keo_D,37,P,0.8555577993392944,1,0.1
7keo_D,38,P,0.8938647508621216,1,0.1
7keo_D,39,D,0.9093435406684875,1,0.1
7keo_D,40,Q,0.8970919251441956,1,0.1
7keo_D,41,Q,0.8893929719924927,1,0.1
7keo_D,42,R,0.8427379727363586,1,0.1
7keo_D,43,L,0.7283188700675964,1,0.1
7keo_D,44,I,0.6928651332855225,1,0.1
7keo_D,45,F,0.6703506112098694,1,0.1
7keo_D,46,A,0.6475088596343994,1,0.1
7keo_D,47,G,0.5169473886489868,1,0.1
7keo_D,48,K,0.37266865372657776,1,0.1
7keo_D,49,Q,0.2503514885902405,1,0.1
7keo_D,50,L,0.17997346818447113,1,0.1
7keo_D,51,E,0.11504070460796356,1,0.1
7keo_D,52,D,0.10453307628631592,1,0.1
7keo_D,53,G,0.09546823054552078,0,0.1
7keo_D,54,R,0.09827166795730591,0,0.1
7keo_D,55,T,0.08005674928426743,0,0.1
7keo_D,56,L,0.07596901804208755,0,0.1
7keo_D,57,S,0.06728094816207886,0,0.1
7keo_D,58,D,0.06534474343061447,0,0.1
7keo_D,59,Y,0.06664063036441803,0,0.1
7keo_D,60,N,0.06618661433458328,0,0.1
7keo_D,61,I,0.06896494328975677,0,0.1
7keo_D,62,Q,0.07830733060836792,0,0.1
7keo_D,63,K,0.06743162125349045,0,0.1
7keo_D,64,E,0.06269339472055435,0,0.1
7keo_D,65,S,0.05442335084080696,0,0.1
7keo_D,66,T,0.03717494755983353,0,0.1
7keo_D,67,L,0.041360531002283096,0,0.1
7keo_D,68,H,0.04066205397248268,0,0.1
7keo_D,69,L,0.04380488395690918,0,0.1
7keo_D,70,V,0.031174656003713608,0,0.1
7keo_D,71,L,0.030476491898298264,0,0.1
7keo_D,72,R,0.029700815677642822,0,0.1
7keo_D,73,L,0.029567476361989975,0,0.1
7keo_D,74,R,0.030769314616918564,0,0.1
7keo_D,75,G,0.024910006672143936,0,0.1
7keo_D,76,G,0.029101721942424774,0,0.1
6pcu_D,1,S,0.023511193692684174,0,0.1
6pcu_D,2,I,0.028943685814738274,0,0.1
6pcu_D,3,L,0.02857919968664646,0,0.1
6pcu_D,4,D,0.028288306668400764,0,0.1
6pcu_D,5,G,0.028911355882883072,0,0.1
6pcu_D,6,P,0.03052213229238987,0,0.1
6pcu_D,7,Y,0.02939504384994507,0,0.1
6pcu_D,8,Q,0.030389145016670227,0,0.1
6pcu_D,9,P,0.03304387256503105,0,0.1
6pcu_D,10,T,0.030890218913555145,0,0.1
6pcu_D,11,T,0.028619039803743362,0,0.1
6pcu_D,12,F,0.03035675548017025,0,0.1
6pcu_D,13,K,0.034651659429073334,0,0.1
6pcu_D,14,P,0.039403002709150314,0,0.1
6pcu_D,15,P,0.03562154993414879,0,0.1
6pcu_D,16,N,0.033195484429597855,0,0.1
6pcu_D,17,D,0.036578841507434845,0,0.1
6pcu_D,18,Y,0.034511107951402664,0,0.1
6pcu_D,19,W,0.03031489998102188,0,0.1
6pcu_D,20,L,0.0344730019569397,0,0.1
6pcu_D,21,L,0.03342565521597862,0,0.1
6pcu_D,22,I,0.028016263619065285,0,0.1
6pcu_D,23,S,0.029539568349719048,0,0.1
6pcu_D,24,S,0.029826417565345764,0,0.1
6pcu_D,25,N,0.032008860260248184,0,0.1
6pcu_D,26,T,0.030264360830187798,0,0.1
6pcu_D,27,D,0.031054548919200897,0,0.1
6pcu_D,28,G,0.029046224430203438,0,0.1
6pcu_D,29,V,0.02843244932591915,0,0.1
6pcu_D,30,V,0.026374036446213722,0,0.1
6pcu_D,31,Y,0.023849189281463623,0,0.1
6pcu_D,32,E,0.02390608750283718,0,0.1
6pcu_D,33,S,0.021525222808122635,0,0.1
6pcu_D,34,T,0.02256861887872219,0,0.1
6pcu_D,35,N,0.021238256245851517,0,0.1
6pcu_D,36,N,0.019460227340459824,0,0.1
6pcu_D,37,S,0.01730062998831272,0,0.1
6pcu_D,38,D,0.016513021662831306,0,0.1
6pcu_D,39,F,0.01711571030318737,0,0.1
6pcu_D,40,W,0.015012724325060844,0,0.1
6pcu_D,41,T,0.016605950891971588,0,0.1
6pcu_D,42,A,0.016058338806033134,0,0.1
6pcu_D,43,V,0.017893170937895775,0,0.1
6pcu_D,44,I,0.01775331236422062,0,0.1
6pcu_D,45,A,0.014277027919888496,0,0.1
6pcu_D,46,V,0.014322327449917793,0,0.1
6pcu_D,47,E,0.015753375366330147,0,0.1
6pcu_D,48,P,0.01707523874938488,0,0.1
6pcu_D,49,H,0.017116768285632133,0,0.1
6pcu_D,50,V,0.01796952448785305,0,0.1
6pcu_D,51,S,0.01852082461118698,0,0.1
6pcu_D,52,Q,0.018411774188280106,0,0.1
6pcu_D,53,T,0.01841364987194538,0,0.1
6pcu_D,54,N,0.018542055040597916,0,0.1
6pcu_D,55,R,0.01743190549314022,0,0.1
6pcu_D,56,Q,0.017613941803574562,0,0.1
6pcu_D,57,Y,0.019183581694960594,0,0.1
6pcu_D,58,V,0.018664300441741943,0,0.1
6pcu_D,59,L,0.017461633309721947,0,0.1
6pcu_D,60,F,0.016211356967687607,0,0.1
6pcu_D,61,G,0.01488022692501545,0,0.1
6pcu_D,62,E,0.013317671604454517,0,0.1
6pcu_D,63,N,0.013455401174724102,0,0.1
6pcu_D,64,K,0.01304733194410801,0,0.1
6pcu_D,65,Q,0.01325953658670187,0,0.1
6pcu_D,66,F,0.014599389396607876,0,0.1
6pcu_D,67,N,0.014425992034375668,0,0.1
6pcu_D,68,V,0.015014832839369774,0,0.1
6pcu_D,69,E,0.018271461129188538,0,0.1
6pcu_D,70,N,0.023007351905107498,0,0.1
6pcu_D,71,S,0.030416380614042282,0,0.1
6pcu_D,72,S,0.03033895045518875,0,0.1
6pcu_D,73,D,0.03294047713279724,0,0.1
6pcu_D,74,K,0.03802889212965965,0,0.1
6pcu_D,75,W,0.03435157611966133,0,0.1
6pcu_D,76,K,0.044328708201646805,0,0.1
6pcu_D,77,F,0.050427038222551346,0,0.1
6pcu_D,78,F,0.05732432007789612,0,0.1
6pcu_D,79,E,0.06332827359437943,0,0.1
6pcu_D,80,M,0.06729638576507568,0,0.1
6pcu_D,81,F,0.08439039438962936,0,0.1
6pcu_D,82,K,0.09896599501371384,0,0.1
6pcu_D,83,G,0.1206381693482399,1,0.1
6pcu_D,84,S,0.15784572064876556,1,0.1
6pcu_D,85,S,0.18533235788345337,1,0.1
6pcu_D,86,Q,0.2146318405866623,1,0.1
6pcu_D,87,S,0.2632658779621124,1,0.1
6pcu_D,88,D,0.28610774874687195,1,0.1
6pcu_D,89,F,0.30709558725357056,1,0.1
6pcu_D,90,S,0.30503222346305847,1,0.1
6pcu_D,91,N,0.3057405352592468,1,0.1
6pcu_D,92,R,0.3383680284023285,1,0.1
6pcu_D,93,R,0.3504410982131958,1,0.1
6pcu_D,94,T,0.37513163685798645,1,0.1
6pcu_D,95,L,0.3346761465072632,1,0.1
6pcu_D,96,T,0.3413258492946625,1,0.1
6pcu_D,97,S,0.2730250060558319,1,0.1
6pcu_D,98,N,0.2252013236284256,1,0.1
6pcu_D,99,N,0.21646076440811157,1,0.1
6pcu_D,100,R,0.18992510437965393,1,0.1
6pcu_D,101,L,0.179324671626091,1,0.1
6pcu_D,102,V,0.16278108954429626,1,0.1
6pcu_D,103,G,0.1358332484960556,1,0.1
6pcu_D,104,M,0.11180810630321503,1,0.1
6pcu_D,105,L,0.1079852432012558,1,0.1
6pcu_D,106,K,0.0953972116112709,0,0.1
6pcu_D,107,Y,0.08190362900495529,0,0.1
6pcu_D,108,G,0.08336876332759857,0,0.1
6pcu_D,109,G,0.08736450970172882,0,0.1
6pcu_D,110,R,0.08519189059734344,0,0.1
6pcu_D,111,V,0.08454447984695435,0,0.1
6pcu_D,112,W,0.07987409830093384,0,0.1
6pcu_D,113,T,0.08133523911237717,0,0.1
6pcu_D,114,F,0.07901574671268463,0,0.1
6pcu_D,115,H,0.07457369565963745,0,0.1
6pcu_D,116,G,0.07526395469903946,0,0.1
6pcu_D,117,E,0.07775846123695374,0,0.1
6pcu_D,118,T,0.07636401802301407,0,0.1
6pcu_D,119,P,0.07677789777517319,0,0.1
6pcu_D,120,R,0.07288362830877304,0,0.1
6pcu_D,121,A,0.07010889053344727,0,0.1
6pcu_D,122,T,0.07772160321474075,0,0.1
6pcu_D,123,T,0.08033500611782074,0,0.1
6pcu_D,124,D,0.0906239002943039,0,0.1
6pcu_D,125,S,0.08406588435173035,0,0.1
6pcu_D,126,S,0.0829123929142952,0,0.1
6pcu_D,127,N,0.08023687452077866,0,0.1
6pcu_D,128,T,0.08622073382139206,0,0.1
6pcu_D,129,A,0.08150197565555573,0,0.1
6pcu_D,130,D,0.09115977585315704,0,0.1
6pcu_D,131,L,0.07233098894357681,0,0.1
6pcu_D,132,N,0.0744897723197937,0,0.1
6pcu_D,133,N,0.06824781745672226,0,0.1
6pcu_D,134,I,0.07511761039495468,0,0.1
6pcu_D,135,S,0.06995060294866562,0,0.1
6pcu_D,136,I,0.07169570028781891,0,0.1
6pcu_D,137,I,0.06186261400580406,0,0.1
6pcu_D,138,I,0.04961709678173065,0,0.1
6pcu_D,139,H,0.048832885921001434,0,0.1
6pcu_D,140,S,0.051060933619737625,0,0.1
6pcu_D,141,E,0.05219662934541702,0,0.1
6pcu_D,142,F,0.05912935733795166,0,0.1
6pcu_D,143,Y,0.058555491268634796,0,0.1
6pcu_D,144,I,0.054520949721336365,0,0.1
6pcu_D,145,I,0.05833074077963829,0,0.1
6pcu_D,146,P,0.06520461291074753,0,0.1
6pcu_D,147,R,0.06417621672153473,0,0.1
6pcu_D,148,S,0.04968714341521263,0,0.1
6pcu_D,149,Q,0.045951541513204575,0,0.1
6pcu_D,150,E,0.028175339102745056,0,0.1
6pcu_D,151,S,0.025340748950839043,0,0.1
6pcu_D,152,K,0.02165953628718853,0,0.1
6pcu_D,153,C,0.01891772262752056,0,0.1
6pcu_D,154,N,0.012551804073154926,0,0.1
6pcu_D,155,E,0.011473165825009346,0,0.1
6pcu_D,156,Y,0.011475821025669575,0,0.1
6pcu_D,157,I,0.012218153104186058,0,0.1
6pcu_D,158,N,0.01405281387269497,0,0.1
6pcu_D,159,N,0.013429391197860241,0,0.1
6pcu_D,160,G,0.0240587517619133,0,0.1
6pcu_D,161,L,0.03683103248476982,0,0.1
